file,line,type,commit,author,date,time,timezone,datetime,depth,length
style.css,1,css,01675570,y3pat,2025-01-17,16:27:54,-08:00,2025-01-17T16:27:54-08:00,0,3
style.css,2,css,01675570,y3pat,2025-01-17,16:27:54,-08:00,2025-01-17T16:27:54-08:00,1,29
style.css,3,css,01675570,y3pat,2025-01-17,16:27:54,-08:00,2025-01-17T16:27:54-08:00,1,30
style.css,4,css,01675570,y3pat,2025-01-17,16:27:54,-08:00,2025-01-17T16:27:54-08:00,0,0
style.css,5,css,01675570,y3pat,2025-01-17,16:27:54,-08:00,2025-01-17T16:27:54-08:00,0,0
style.css,6,css,0f6b9196,y3pat,2025-01-23,22:08:13,-08:00,2025-01-23T22:08:13-08:00,0,0
style.css,7,css,0f6b9196,y3pat,2025-01-23,22:08:13,-08:00,2025-01-23T22:08:13-08:00,0,0
style.css,8,css,0f6b9196,y3pat,2025-01-23,22:08:13,-08:00,2025-01-23T22:08:13-08:00,0,2
style.css,9,css,0f6b9196,y3pat,2025-01-23,22:08:13,-08:00,2025-01-23T22:08:13-08:00,1,21
style.css,10,css,0f6b9196,y3pat,2025-01-23,22:08:13,-08:00,2025-01-23T22:08:13-08:00,1,42
style.css,11,css,0f6b9196,y3pat,2025-01-23,22:08:13,-08:00,2025-01-23T22:08:13-08:00,0,0
style.css,12,css,0f6b9196,y3pat,2025-01-23,22:08:13,-08:00,2025-01-23T22:08:13-08:00,0,0
style.css,13,css,0f6b9196,y3pat,2025-01-23,22:08:13,-08:00,2025-01-23T22:08:13-08:00,0,11
style.css,14,css,0f6b9196,y3pat,2025-01-23,22:08:13,-08:00,2025-01-23T22:08:13-08:00,1,15
style.css,15,css,0f6b9196,y3pat,2025-01-23,22:08:13,-08:00,2025-01-23T22:08:13-08:00,1,6
style.css,16,css,0f6b9196,y3pat,2025-01-23,22:08:13,-08:00,2025-01-23T22:08:13-08:00,1,8
style.css,17,css,0f6b9196,y3pat,2025-01-23,22:08:13,-08:00,2025-01-23T22:08:13-08:00,1,14
style.css,18,css,0f6b9196,y3pat,2025-01-23,22:08:13,-08:00,2025-01-23T22:08:13-08:00,1,17
style.css,19,css,0f6b9196,y3pat,2025-01-23,22:08:13,-08:00,2025-01-23T22:08:13-08:00,1,33
style.css,20,css,0f6b9196,y3pat,2025-01-23,22:08:13,-08:00,2025-01-23T22:08:13-08:00,1,12
style.css,21,css,0f6b9196,y3pat,2025-01-23,22:08:13,-08:00,2025-01-23T22:08:13-08:00,1,15
style.css,22,css,0f6b9196,y3pat,2025-01-23,22:08:13,-08:00,2025-01-23T22:08:13-08:00,0,0
style.css,23,css,0f6b9196,y3pat,2025-01-23,22:08:13,-08:00,2025-01-23T22:08:13-08:00,0,0
style.css,24,css,0f6b9196,y3pat,2025-01-23,22:08:13,-08:00,2025-01-23T22:08:13-08:00,0,18
style.css,25,css,0f6b9196,y3pat,2025-01-23,22:08:13,-08:00,2025-01-23T22:08:13-08:00,1,15
style.css,26,css,0f6b9196,y3pat,2025-01-23,22:08:13,-08:00,2025-01-23T22:08:13-08:00,1,17
style.css,27,css,0f6b9196,y3pat,2025-01-23,22:08:13,-08:00,2025-01-23T22:08:13-08:00,1,12
style.css,28,css,0f6b9196,y3pat,2025-01-23,22:08:13,-08:00,2025-01-23T22:08:13-08:00,0,0
style.css,29,css,0f6b9196,y3pat,2025-01-23,22:08:13,-08:00,2025-01-23T22:08:13-08:00,0,0
style.css,30,css,0f6b9196,y3pat,2025-01-23,22:08:13,-08:00,2025-01-23T22:08:13-08:00,0,24
style.css,31,css,0f6b9196,y3pat,2025-01-23,22:08:13,-08:00,2025-01-23T22:08:13-08:00,1,19
style.css,32,css,0f6b9196,y3pat,2025-01-23,22:08:13,-08:00,2025-01-23T22:08:13-08:00,1,8
style.css,33,css,0f6b9196,y3pat,2025-01-23,22:08:13,-08:00,2025-01-23T22:08:13-08:00,0,0
style.css,34,css,0f6b9196,y3pat,2025-01-23,22:08:13,-08:00,2025-01-23T22:08:13-08:00,0,0
style.css,35,css,0f6b9196,y3pat,2025-01-23,22:08:13,-08:00,2025-01-23T22:08:13-08:00,0,30
style.css,36,css,0f6b9196,y3pat,2025-01-23,22:08:13,-08:00,2025-01-23T22:08:13-08:00,1,11
style.css,37,css,0f6b9196,y3pat,2025-01-23,22:08:13,-08:00,2025-01-23T22:08:13-08:00,0,0
style.css,38,css,0f6b9196,y3pat,2025-01-23,22:08:13,-08:00,2025-01-23T22:08:13-08:00,0,0
style.css,39,css,0f6b9196,y3pat,2025-01-23,22:08:13,-08:00,2025-01-23T22:08:13-08:00,0,0
style.css,40,css,0f6b9196,y3pat,2025-01-23,22:08:13,-08:00,2025-01-23T22:08:13-08:00,0,23
style.css,41,css,0f6b9196,y3pat,2025-01-23,22:08:13,-08:00,2025-01-23T22:08:13-08:00,1,22
style.css,42,css,0f6b9196,y3pat,2025-01-23,22:08:13,-08:00,2025-01-23T22:08:13-08:00,1,8
style.css,43,css,0f6b9196,y3pat,2025-01-23,22:08:13,-08:00,2025-01-23T22:08:13-08:00,0,0
style.css,44,css,0f6b9196,y3pat,2025-01-23,22:08:13,-08:00,2025-01-23T22:08:13-08:00,0,0
style.css,45,css,0f6b9196,y3pat,2025-01-23,22:08:13,-08:00,2025-01-23T22:08:13-08:00,0,29
style.css,46,css,0f6b9196,y3pat,2025-01-23,22:08:13,-08:00,2025-01-23T22:08:13-08:00,1,8
style.css,47,css,0f6b9196,y3pat,2025-01-23,22:08:13,-08:00,2025-01-23T22:08:13-08:00,0,0
style.css,48,css,0f6b9196,y3pat,2025-01-23,22:08:13,-08:00,2025-01-23T22:08:13-08:00,0,0
style.css,49,css,18e76dea,y3pat,2025-01-17,11:08:21,-08:00,2025-01-17T11:08:21-08:00,0,2
style.css,50,css,18e76dea,y3pat,2025-01-17,11:08:21,-08:00,2025-01-17T11:08:21-08:00,1,21
style.css,51,css,18e76dea,y3pat,2025-01-17,11:08:21,-08:00,2025-01-17T11:08:21-08:00,1,13
style.css,52,css,0fddfe38,y3pat,2025-01-17,11:29:33,-08:00,2025-01-17T11:29:33-08:00,1,16
style.css,53,css,0fddfe38,y3pat,2025-01-17,11:29:33,-08:00,2025-01-17T11:29:33-08:00,1,9
style.css,54,css,01675570,y3pat,2025-01-17,16:27:54,-08:00,2025-01-17T16:27:54-08:00,1,15
style.css,55,css,01675570,y3pat,2025-01-17,16:27:54,-08:00,2025-01-17T16:27:54-08:00,0,0
style.css,56,css,01675570,y3pat,2025-01-17,16:27:54,-08:00,2025-01-17T16:27:54-08:00,0,0
style.css,57,css,01675570,y3pat,2025-01-17,16:27:54,-08:00,2025-01-17T16:27:54-08:00,0,4
style.css,58,css,01675570,y3pat,2025-01-17,16:27:54,-08:00,2025-01-17T16:27:54-08:00,1,24
style.css,59,css,01675570,y3pat,2025-01-17,16:27:54,-08:00,2025-01-17T16:27:54-08:00,1,15
style.css,60,css,01675570,y3pat,2025-01-17,16:27:54,-08:00,2025-01-17T16:27:54-08:00,0,0
style.css,61,css,01675570,y3pat,2025-01-17,16:27:54,-08:00,2025-01-17T16:27:54-08:00,1,11
style.css,62,css,01675570,y3pat,2025-01-17,16:27:54,-08:00,2025-01-17T16:27:54-08:00,1,18
style.css,63,css,01675570,y3pat,2025-01-17,16:27:54,-08:00,2025-01-17T16:27:54-08:00,0,0
style.css,64,css,18e76dea,y3pat,2025-01-17,11:08:21,-08:00,2025-01-17T11:08:21-08:00,0,0
style.css,65,css,01675570,y3pat,2025-01-17,16:27:54,-08:00,2025-01-17T16:27:54-08:00,0,10
style.css,66,css,01675570,y3pat,2025-01-17,16:27:54,-08:00,2025-01-17T16:27:54-08:00,1,15
style.css,67,css,01675570,y3pat,2025-01-17,16:27:54,-08:00,2025-01-17T16:27:54-08:00,1,6
style.css,68,css,395be43a,y3pat,2025-01-17,14:20:38,-08:00,2025-01-17T14:20:38-08:00,0,0
style.css,69,css,395be43a,y3pat,2025-01-17,14:20:38,-08:00,2025-01-17T14:20:38-08:00,0,0
style.css,70,css,395be43a,y3pat,2025-01-17,14:20:38,-08:00,2025-01-17T14:20:38-08:00,0,3
style.css,71,css,395be43a,y3pat,2025-01-17,14:20:38,-08:00,2025-01-17T14:20:38-08:00,0,4
style.css,72,css,0fddfe38,y3pat,2025-01-17,11:29:33,-08:00,2025-01-17T11:29:33-08:00,1,14
style.css,73,css,395be43a,y3pat,2025-01-17,14:20:38,-08:00,2025-01-17T14:20:38-08:00,0,0
style.css,74,css,395be43a,y3pat,2025-01-17,14:20:38,-08:00,2025-01-17T14:20:38-08:00,0,0
style.css,75,css,395be43a,y3pat,2025-01-17,14:20:38,-08:00,2025-01-17T14:20:38-08:00,0,1
style.css,76,css,0f6b9196,y3pat,2025-01-23,22:08:13,-08:00,2025-01-23T22:08:13-08:00,1,37
style.css,77,css,0f6b9196,y3pat,2025-01-23,22:08:13,-08:00,2025-01-23T22:08:13-08:00,1,37
style.css,78,css,395be43a,y3pat,2025-01-17,14:20:38,-08:00,2025-01-17T14:20:38-08:00,1,10
style.css,79,css,395be43a,y3pat,2025-01-17,14:20:38,-08:00,2025-01-17T14:20:38-08:00,1,26
style.css,80,css,395be43a,y3pat,2025-01-17,14:20:38,-08:00,2025-01-17T14:20:38-08:00,1,16
style.css,81,css,395be43a,y3pat,2025-01-17,14:20:38,-08:00,2025-01-17T14:20:38-08:00,0,0
style.css,82,css,395be43a,y3pat,2025-01-17,14:20:38,-08:00,2025-01-17T14:20:38-08:00,0,0
style.css,83,css,395be43a,y3pat,2025-01-17,14:20:38,-08:00,2025-01-17T14:20:38-08:00,0,3
style.css,84,css,0f6b9196,y3pat,2025-01-23,22:08:13,-08:00,2025-01-23T22:08:13-08:00,1,0
style.css,85,css,395be43a,y3pat,2025-01-17,14:20:38,-08:00,2025-01-17T14:20:38-08:00,1,4
style.css,86,css,395be43a,y3pat,2025-01-17,14:20:38,-08:00,2025-01-17T14:20:38-08:00,1,15
style.css,87,css,395be43a,y3pat,2025-01-17,14:20:38,-08:00,2025-01-17T14:20:38-08:00,1,18
style.css,88,css,395be43a,y3pat,2025-01-17,14:20:38,-08:00,2025-01-17T14:20:38-08:00,1,14
style.css,89,css,0f6b9196,y3pat,2025-01-23,22:08:13,-08:00,2025-01-23T22:08:13-08:00,0,0
style.css,90,css,01675570,y3pat,2025-01-17,16:27:54,-08:00,2025-01-17T16:27:54-08:00,1,33
style.css,91,css,395be43a,y3pat,2025-01-17,14:20:38,-08:00,2025-01-17T14:20:38-08:00,0,0
style.css,92,css,395be43a,y3pat,2025-01-17,14:20:38,-08:00,2025-01-17T14:20:38-08:00,0,0
style.css,93,css,395be43a,y3pat,2025-01-17,14:20:38,-08:00,2025-01-17T14:20:38-08:00,0,11
style.css,94,css,395be43a,y3pat,2025-01-17,14:20:38,-08:00,2025-01-17T14:20:38-08:00,1,14
style.css,95,css,0f6b9196,y3pat,2025-01-23,22:08:13,-08:00,2025-01-23T22:08:13-08:00,1,23
style.css,96,css,0f6b9196,y3pat,2025-01-23,22:08:13,-08:00,2025-01-23T22:08:13-08:00,1,41
style.css,97,css,01675570,y3pat,2025-01-17,16:27:54,-08:00,2025-01-17T16:27:54-08:00,0,0
style.css,98,css,01675570,y3pat,2025-01-17,16:27:54,-08:00,2025-01-17T16:27:54-08:00,0,0
style.css,99,css,01675570,y3pat,2025-01-17,16:27:54,-08:00,2025-01-17T16:27:54-08:00,0,9
style.css,100,css,0f6b9196,y3pat,2025-01-23,22:08:13,-08:00,2025-01-23T22:08:13-08:00,1,72
style.css,101,css,01675570,y3pat,2025-01-17,16:27:54,-08:00,2025-01-17T16:27:54-08:00,1,37
style.css,102,css,01675570,y3pat,2025-01-17,16:27:54,-08:00,2025-01-17T16:27:54-08:00,0,0
style.css,103,css,01675570,y3pat,2025-01-17,16:27:54,-08:00,2025-01-17T16:27:54-08:00,0,0
style.css,104,css,5d02c226,y3pat,2025-01-23,22:20:41,-08:00,2025-01-23T22:20:41-08:00,0,29
style.css,105,css,5d02c226,y3pat,2025-01-23,22:20:41,-08:00,2025-01-23T22:20:41-08:00,0,32
style.css,106,css,5d02c226,y3pat,2025-01-23,22:20:41,-08:00,2025-01-23T22:20:41-08:00,0,31
style.css,107,css,5d02c226,y3pat,2025-01-23,22:20:41,-08:00,2025-01-23T22:20:41-08:00,1,19
style.css,108,css,5d02c226,y3pat,2025-01-23,22:20:41,-08:00,2025-01-23T22:20:41-08:00,1,8
style.css,109,css,5d02c226,y3pat,2025-01-23,22:20:41,-08:00,2025-01-23T22:20:41-08:00,1,15
style.css,110,css,5d02c226,y3pat,2025-01-23,22:20:41,-08:00,2025-01-23T22:20:41-08:00,0,0
style.css,111,css,5d02c226,y3pat,2025-01-23,22:20:41,-08:00,2025-01-23T22:20:41-08:00,0,0
style.css,112,css,5d02c226,y3pat,2025-01-23,22:20:41,-08:00,2025-01-23T22:20:41-08:00,0,28
style.css,113,css,5d02c226,y3pat,2025-01-23,22:20:41,-08:00,2025-01-23T22:20:41-08:00,0,31
style.css,114,css,5d02c226,y3pat,2025-01-23,22:20:41,-08:00,2025-01-23T22:20:41-08:00,0,30
style.css,115,css,5d02c226,y3pat,2025-01-23,22:20:41,-08:00,2025-01-23T22:20:41-08:00,1,19
style.css,116,css,5d02c226,y3pat,2025-01-23,22:20:41,-08:00,2025-01-23T22:20:41-08:00,1,8
style.css,117,css,5d02c226,y3pat,2025-01-23,22:20:41,-08:00,2025-01-23T22:20:41-08:00,1,15
style.css,118,css,5d02c226,y3pat,2025-01-23,22:20:41,-08:00,2025-01-23T22:20:41-08:00,0,0
style.css,119,css,5d02c226,y3pat,2025-01-23,22:20:41,-08:00,2025-01-23T22:20:41-08:00,0,0
style.css,120,css,01675570,y3pat,2025-01-17,16:27:54,-08:00,2025-01-17T16:27:54-08:00,0,2
style.css,121,css,01675570,y3pat,2025-01-17,16:27:54,-08:00,2025-01-17T16:27:54-08:00,0,5
style.css,122,css,01675570,y3pat,2025-01-17,16:27:54,-08:00,2025-01-17T16:27:54-08:00,0,4
style.css,123,css,01675570,y3pat,2025-01-17,16:27:54,-08:00,2025-01-17T16:27:54-08:00,1,10
style.css,124,css,01675570,y3pat,2025-01-17,16:27:54,-08:00,2025-01-17T16:27:54-08:00,1,9
style.css,125,css,01675570,y3pat,2025-01-17,16:27:54,-08:00,2025-01-17T16:27:54-08:00,1,14
style.css,126,css,01675570,y3pat,2025-01-17,16:27:54,-08:00,2025-01-17T16:27:54-08:00,1,15
style.css,127,css,01675570,y3pat,2025-01-17,16:27:54,-08:00,2025-01-17T16:27:54-08:00,0,0
style.css,128,css,01675570,y3pat,2025-01-17,16:27:54,-08:00,2025-01-17T16:27:54-08:00,0,0
style.css,129,css,01675570,y3pat,2025-01-17,16:27:54,-08:00,2025-01-17T16:27:54-08:00,0,2
style.css,130,css,01675570,y3pat,2025-01-17,16:27:54,-08:00,2025-01-17T16:27:54-08:00,1,10
style.css,131,css,01675570,y3pat,2025-01-17,16:27:54,-08:00,2025-01-17T16:27:54-08:00,1,28
style.css,132,css,01675570,y3pat,2025-01-17,16:27:54,-08:00,2025-01-17T16:27:54-08:00,1,5
style.css,133,css,01675570,y3pat,2025-01-17,16:27:54,-08:00,2025-01-17T16:27:54-08:00,1,22
style.css,134,css,01675570,y3pat,2025-01-17,16:27:54,-08:00,2025-01-17T16:27:54-08:00,1,11
style.css,135,css,395be43a,y3pat,2025-01-17,14:20:38,-08:00,2025-01-17T14:20:38-08:00,0,0
style.css,136,css,01675570,y3pat,2025-01-17,16:27:54,-08:00,2025-01-17T16:27:54-08:00,0,0
style.css,137,css,01675570,y3pat,2025-01-17,16:27:54,-08:00,2025-01-17T16:27:54-08:00,0,8
style.css,138,css,01675570,y3pat,2025-01-17,16:27:54,-08:00,2025-01-17T16:27:54-08:00,1,10
style.css,139,css,01675570,y3pat,2025-01-17,16:27:54,-08:00,2025-01-17T16:27:54-08:00,1,27
style.css,140,css,01675570,y3pat,2025-01-17,16:27:54,-08:00,2025-01-17T16:27:54-08:00,1,11
style.css,141,css,01675570,y3pat,2025-01-17,16:27:54,-08:00,2025-01-17T16:27:54-08:00,1,14
style.css,142,css,01675570,y3pat,2025-01-17,16:27:54,-08:00,2025-01-17T16:27:54-08:00,0,0
style.css,143,css,01675570,y3pat,2025-01-17,16:27:54,-08:00,2025-01-17T16:27:54-08:00,0,0
style.css,144,css,01675570,y3pat,2025-01-17,16:27:54,-08:00,2025-01-17T16:27:54-08:00,0,7
style.css,145,css,01675570,y3pat,2025-01-17,16:27:54,-08:00,2025-01-17T16:27:54-08:00,0,10
style.css,146,css,01675570,y3pat,2025-01-17,16:27:54,-08:00,2025-01-17T16:27:54-08:00,0,9
style.css,147,css,01675570,y3pat,2025-01-17,16:27:54,-08:00,2025-01-17T16:27:54-08:00,1,11
style.css,148,css,01675570,y3pat,2025-01-17,16:27:54,-08:00,2025-01-17T16:27:54-08:00,1,11
style.css,149,css,01675570,y3pat,2025-01-17,16:27:54,-08:00,2025-01-17T16:27:54-08:00,1,8
style.css,150,css,01675570,y3pat,2025-01-17,16:27:54,-08:00,2025-01-17T16:27:54-08:00,1,19
style.css,151,css,01675570,y3pat,2025-01-17,16:27:54,-08:00,2025-01-17T16:27:54-08:00,1,16
style.css,152,css,01675570,y3pat,2025-01-17,16:27:54,-08:00,2025-01-17T16:27:54-08:00,0,0
style.css,153,css,01675570,y3pat,2025-01-17,16:27:54,-08:00,2025-01-17T16:27:54-08:00,0,0
style.css,154,css,01675570,y3pat,2025-01-17,16:27:54,-08:00,2025-01-17T16:27:54-08:00,0,7
style.css,155,css,01675570,y3pat,2025-01-17,16:27:54,-08:00,2025-01-17T16:27:54-08:00,1,10
style.css,156,css,01675570,y3pat,2025-01-17,16:27:54,-08:00,2025-01-17T16:27:54-08:00,1,56
style.css,157,css,01675570,y3pat,2025-01-17,16:27:54,-08:00,2025-01-17T16:27:54-08:00,1,5
style.css,158,css,01675570,y3pat,2025-01-17,16:27:54,-08:00,2025-01-17T16:27:54-08:00,1,10
style.css,159,css,01675570,y3pat,2025-01-17,16:27:54,-08:00,2025-01-17T16:27:54-08:00,1,15
style.css,160,css,01675570,y3pat,2025-01-17,16:27:54,-08:00,2025-01-17T16:27:54-08:00,0,0
style.css,161,css,01675570,y3pat,2025-01-17,16:27:54,-08:00,2025-01-17T16:27:54-08:00,0,0
style.css,162,css,01675570,y3pat,2025-01-17,16:27:54,-08:00,2025-01-17T16:27:54-08:00,0,15
style.css,163,css,01675570,y3pat,2025-01-17,16:27:54,-08:00,2025-01-17T16:27:54-08:00,1,24
style.css,164,css,01675570,y3pat,2025-01-17,16:27:54,-08:00,2025-01-17T16:27:54-08:00,1,13
style.css,165,css,01675570,y3pat,2025-01-17,16:27:54,-08:00,2025-01-17T16:27:54-08:00,1,5
style.css,166,css,01675570,y3pat,2025-01-17,16:27:54,-08:00,2025-01-17T16:27:54-08:00,1,9
style.css,167,css,01675570,y3pat,2025-01-17,16:27:54,-08:00,2025-01-17T16:27:54-08:00,0,0
style.css,168,css,01675570,y3pat,2025-01-17,16:27:54,-08:00,2025-01-17T16:27:54-08:00,0,0
style.css,169,css,01675570,y3pat,2025-01-17,16:27:54,-08:00,2025-01-17T16:27:54-08:00,0,10
style.css,170,css,01675570,y3pat,2025-01-17,16:27:54,-08:00,2025-01-17T16:27:54-08:00,1,12
style.css,171,css,01675570,y3pat,2025-01-17,16:27:54,-08:00,2025-01-17T16:27:54-08:00,1,15
style.css,172,css,01675570,y3pat,2025-01-17,16:27:54,-08:00,2025-01-17T16:27:54-08:00,0,0
style.css,173,css,01675570,y3pat,2025-01-17,16:27:54,-08:00,2025-01-17T16:27:54-08:00,0,10
style.css,174,css,01675570,y3pat,2025-01-17,16:27:54,-08:00,2025-01-17T16:27:54-08:00,1,6
style.css,175,css,01675570,y3pat,2025-01-17,16:27:54,-08:00,2025-01-17T16:27:54-08:00,0,0
style.css,176,css,01675570,y3pat,2025-01-17,16:27:54,-08:00,2025-01-17T16:27:54-08:00,0,0
style.css,177,css,01675570,y3pat,2025-01-17,16:27:54,-08:00,2025-01-17T16:27:54-08:00,0,20
style.css,178,css,01675570,y3pat,2025-01-17,16:27:54,-08:00,2025-01-17T16:27:54-08:00,1,14
style.css,179,css,01675570,y3pat,2025-01-17,16:27:54,-08:00,2025-01-17T16:27:54-08:00,1,13
style.css,180,css,01675570,y3pat,2025-01-17,16:27:54,-08:00,2025-01-17T16:27:54-08:00,1,15
style.css,181,css,01675570,y3pat,2025-01-17,16:27:54,-08:00,2025-01-17T16:27:54-08:00,1,12
style.css,182,css,0f6b9196,y3pat,2025-01-23,22:08:13,-08:00,2025-01-23T22:08:13-08:00,0,0
style.css,183,css,0f6b9196,y3pat,2025-01-23,22:08:13,-08:00,2025-01-23T22:08:13-08:00,0,0
style.css,184,css,982099f6,y3pat,2025-02-08,16:46:06,-08:00,2025-02-08T16:46:06-08:00,0,11
style.css,185,css,982099f6,y3pat,2025-02-08,16:46:06,-08:00,2025-02-08T16:46:06-08:00,1,15
style.css,186,css,982099f6,y3pat,2025-02-08,16:46:06,-08:00,2025-02-08T16:46:06-08:00,1,8
style.css,187,css,982099f6,y3pat,2025-02-08,16:46:06,-08:00,2025-02-08T16:46:06-08:00,1,14
style.css,188,css,982099f6,y3pat,2025-02-08,16:46:06,-08:00,2025-02-08T16:46:06-08:00,0,0
style.css,189,css,982099f6,y3pat,2025-02-08,16:46:06,-08:00,2025-02-08T16:46:06-08:00,0,0
style.css,190,css,982099f6,y3pat,2025-02-08,16:46:06,-08:00,2025-02-08T16:46:06-08:00,0,16
style.css,191,css,982099f6,y3pat,2025-02-08,16:46:06,-08:00,2025-02-08T16:46:06-08:00,1,12
style.css,192,css,982099f6,y3pat,2025-02-08,16:46:06,-08:00,2025-02-08T16:46:06-08:00,1,14
style.css,193,css,982099f6,y3pat,2025-02-08,16:46:06,-08:00,2025-02-08T16:46:06-08:00,1,14
style.css,194,css,a84f2e69,y3pat,2025-02-08,17:09:40,-08:00,2025-02-08T17:09:40-08:00,0,0
style.css,195,css,a84f2e69,y3pat,2025-02-08,17:09:40,-08:00,2025-02-08T17:09:40-08:00,0,0
style.css,196,css,a84f2e69,y3pat,2025-02-08,17:09:40,-08:00,2025-02-08T17:09:40-08:00,0,8
style.css,197,css,a84f2e69,y3pat,2025-02-08,17:09:40,-08:00,2025-02-08T17:09:40-08:00,1,10
style.css,198,css,a84f2e69,y3pat,2025-02-08,17:09:40,-08:00,2025-02-08T17:09:40-08:00,1,16
style.css,199,css,a84f2e69,y3pat,2025-02-08,17:09:40,-08:00,2025-02-08T17:09:40-08:00,1,5
style.css,200,css,a84f2e69,y3pat,2025-02-08,17:09:40,-08:00,2025-02-08T17:09:40-08:00,0,0
style.css,201,css,a84f2e69,y3pat,2025-02-08,17:09:40,-08:00,2025-02-08T17:09:40-08:00,0,0
style.css,202,css,a84f2e69,y3pat,2025-02-08,17:09:40,-08:00,2025-02-08T17:09:40-08:00,0,5
style.css,203,css,a84f2e69,y3pat,2025-02-08,17:09:40,-08:00,2025-02-08T17:09:40-08:00,1,4
style.css,204,css,a84f2e69,y3pat,2025-02-08,17:09:40,-08:00,2025-02-08T17:09:40-08:00,1,10
style.css,205,css,a84f2e69,y3pat,2025-02-08,17:09:40,-08:00,2025-02-08T17:09:40-08:00,1,55
style.css,206,css,a84f2e69,y3pat,2025-02-08,17:09:40,-08:00,2025-02-08T17:09:40-08:00,1,5
style.css,207,css,a84f2e69,y3pat,2025-02-08,17:09:40,-08:00,2025-02-08T17:09:40-08:00,1,9
style.css,208,css,a84f2e69,y3pat,2025-02-08,17:09:40,-08:00,2025-02-08T17:09:40-08:00,1,24
style.css,209,css,a84f2e69,y3pat,2025-02-08,17:09:40,-08:00,2025-02-08T17:09:40-08:00,1,15
style.css,210,css,a84f2e69,y3pat,2025-02-08,17:09:40,-08:00,2025-02-08T17:09:40-08:00,0,0
style.css,211,css,a84f2e69,y3pat,2025-02-08,17:09:40,-08:00,2025-02-08T17:09:40-08:00,0,0
style.css,212,css,a84f2e69,y3pat,2025-02-08,17:09:40,-08:00,2025-02-08T17:09:40-08:00,0,8
style.css,213,css,a84f2e69,y3pat,2025-02-08,17:09:40,-08:00,2025-02-08T17:09:40-08:00,1,10
style.css,214,css,a84f2e69,y3pat,2025-02-08,17:09:40,-08:00,2025-02-08T17:09:40-08:00,1,16
style.css,215,css,a84f2e69,y3pat,2025-02-08,17:09:40,-08:00,2025-02-08T17:09:40-08:00,1,7
style.css,216,css,a84f2e69,y3pat,2025-02-08,17:09:40,-08:00,2025-02-08T17:09:40-08:00,0,0
style.css,217,css,a84f2e69,y3pat,2025-02-08,17:09:40,-08:00,2025-02-08T17:09:40-08:00,0,0
style.css,218,css,a84f2e69,y3pat,2025-02-08,17:09:40,-08:00,2025-02-08T17:09:40-08:00,0,5
style.css,219,css,a84f2e69,y3pat,2025-02-08,17:09:40,-08:00,2025-02-08T17:09:40-08:00,1,18
style.css,220,css,a84f2e69,y3pat,2025-02-08,17:09:40,-08:00,2025-02-08T17:09:40-08:00,1,7
style.css,221,css,a84f2e69,y3pat,2025-02-08,17:09:40,-08:00,2025-02-08T17:09:40-08:00,1,8
style.css,222,css,a84f2e69,y3pat,2025-02-08,17:09:40,-08:00,2025-02-08T17:09:40-08:00,1,27
style.css,223,css,a84f2e69,y3pat,2025-02-08,17:09:40,-08:00,2025-02-08T17:09:40-08:00,1,15
style.css,224,css,a84f2e69,y3pat,2025-02-08,17:09:40,-08:00,2025-02-08T17:09:40-08:00,0,0
style.css,225,css,6aeff753,y3pat,2025-02-08,18:03:15,-08:00,2025-02-08T18:03:15-08:00,0,0
style.css,226,css,6aeff753,y3pat,2025-02-08,18:03:15,-08:00,2025-02-08T18:03:15-08:00,0,8
style.css,227,css,6aeff753,y3pat,2025-02-08,18:03:15,-08:00,2025-02-08T18:03:15-08:00,1,11
style.css,228,css,6aeff753,y3pat,2025-02-08,18:03:15,-08:00,2025-02-08T18:03:15-08:00,1,13
style.css,229,css,6aeff753,y3pat,2025-02-08,18:03:15,-08:00,2025-02-08T18:03:15-08:00,1,11
style.css,230,css,6aeff753,y3pat,2025-02-08,18:03:15,-08:00,2025-02-08T18:03:15-08:00,1,7
style.css,231,css,6aeff753,y3pat,2025-02-08,18:03:15,-08:00,2025-02-08T18:03:15-08:00,1,13
style.css,232,css,6aeff753,y3pat,2025-02-08,18:03:15,-08:00,2025-02-08T18:03:15-08:00,1,12
style.css,233,css,6aeff753,y3pat,2025-02-08,18:03:15,-08:00,2025-02-08T18:03:15-08:00,1,19
style.css,234,css,6aeff753,y3pat,2025-02-08,18:03:15,-08:00,2025-02-08T18:03:15-08:00,1,15
style.css,235,css,6aeff753,y3pat,2025-02-08,18:03:15,-08:00,2025-02-08T18:03:15-08:00,0,0
style.css,236,css,6aeff753,y3pat,2025-02-08,18:03:15,-08:00,2025-02-08T18:03:15-08:00,0,0
style.css,237,css,6aeff753,y3pat,2025-02-08,18:03:15,-08:00,2025-02-08T18:03:15-08:00,0,49
style.css,238,css,6aeff753,y3pat,2025-02-08,18:03:15,-08:00,2025-02-08T18:03:15-08:00,1,9
style.css,239,css,6aeff753,y3pat,2025-02-08,18:03:15,-08:00,2025-02-08T18:03:15-08:00,0,0
style.css,240,css,6aeff753,y3pat,2025-02-08,18:03:15,-08:00,2025-02-08T18:03:15-08:00,0,0
style.css,241,css,6aeff753,y3pat,2025-02-08,18:03:15,-08:00,2025-02-08T18:03:15-08:00,0,2
style.css,242,css,6aeff753,y3pat,2025-02-08,18:03:15,-08:00,2025-02-08T18:03:15-08:00,1,14
style.css,243,css,6aeff753,y3pat,2025-02-08,18:03:15,-08:00,2025-02-08T18:03:15-08:00,1,12
style.css,244,css,6aeff753,y3pat,2025-02-08,18:03:15,-08:00,2025-02-08T18:03:15-08:00,0,0
style.css,245,css,6aeff753,y3pat,2025-02-08,18:03:15,-08:00,2025-02-08T18:03:15-08:00,0,0
style.css,246,css,6aeff753,y3pat,2025-02-08,18:03:15,-08:00,2025-02-08T18:03:15-08:00,0,0
style.css,247,css,6aeff753,y3pat,2025-02-08,18:03:15,-08:00,2025-02-08T18:03:15-08:00,0,7
style.css,248,css,6aeff753,y3pat,2025-02-08,18:03:15,-08:00,2025-02-08T18:03:15-08:00,1,33
style.css,249,css,6aeff753,y3pat,2025-02-08,18:03:15,-08:00,2025-02-08T18:03:15-08:00,1,19
style.css,250,css,6aeff753,y3pat,2025-02-08,18:03:15,-08:00,2025-02-08T18:03:15-08:00,0,0
style.css,251,css,6aeff753,y3pat,2025-02-08,18:03:15,-08:00,2025-02-08T18:03:15-08:00,0,0
style.css,252,css,6aeff753,y3pat,2025-02-08,18:03:15,-08:00,2025-02-08T18:03:15-08:00,0,12
style.css,253,css,6aeff753,y3pat,2025-02-08,18:03:15,-08:00,2025-02-08T18:03:15-08:00,1,15
style.css,254,css,6aeff753,y3pat,2025-02-08,18:03:15,-08:00,2025-02-08T18:03:15-08:00,0,0
style.css,255,css,6aeff753,y3pat,2025-02-08,18:03:15,-08:00,2025-02-08T18:03:15-08:00,0,0
index.js,1,js,8901c792,y3pat,2025-02-06,21:56:45,-08:00,2025-02-06T21:56:45-08:00,0,69
index.js,2,js,5b9e372c,y3pat,2025-02-01,17:14:19,-08:00,2025-02-01T17:14:19-08:00,0,0
index.js,3,js,5b9e372c,y3pat,2025-02-01,17:14:19,-08:00,2025-02-01T17:14:19-08:00,0,51
index.js,4,js,5b9e372c,y3pat,2025-02-01,17:14:19,-08:00,2025-02-01T17:14:19-08:00,0,40
index.js,5,js,5b9e372c,y3pat,2025-02-01,17:14:19,-08:00,2025-02-01T17:14:19-08:00,0,0
index.js,6,js,5b9e372c,y3pat,2025-02-01,17:14:19,-08:00,2025-02-01T17:14:19-08:00,0,58
index.js,7,js,8901c792,y3pat,2025-02-06,21:56:45,-08:00,2025-02-06T21:56:45-08:00,0,42
index.js,8,js,8901c792,y3pat,2025-02-06,21:56:45,-08:00,2025-02-06T21:56:45-08:00,0,52
index.js,9,js,8901c792,y3pat,2025-02-06,21:56:45,-08:00,2025-02-06T21:56:45-08:00,0,0
index.js,10,js,8901c792,y3pat,2025-02-06,21:56:45,-08:00,2025-02-06T21:56:45-08:00,0,46
index.js,11,js,8901c792,y3pat,2025-02-06,21:56:45,-08:00,2025-02-06T21:56:45-08:00,0,58
index.js,12,js,8901c792,y3pat,2025-02-06,21:56:45,-08:00,2025-02-06T21:56:45-08:00,0,15
index.js,13,js,8901c792,y3pat,2025-02-06,21:56:45,-08:00,2025-02-06T21:56:45-08:00,1,22
index.js,14,js,8901c792,y3pat,2025-02-06,21:56:45,-08:00,2025-02-06T21:56:45-08:00,2,0
index.js,15,js,8901c792,y3pat,2025-02-06,21:56:45,-08:00,2025-02-06T21:56:45-08:00,3,53
index.js,16,js,8901c792,y3pat,2025-02-06,21:56:45,-08:00,2025-02-06T21:56:45-08:00,3,53
index.js,17,js,8901c792,y3pat,2025-02-06,21:56:45,-08:00,2025-02-06T21:56:45-08:00,3,47
index.js,18,js,8901c792,y3pat,2025-02-06,21:56:45,-08:00,2025-02-06T21:56:45-08:00,3,47
index.js,19,js,8901c792,y3pat,2025-02-06,21:56:45,-08:00,2025-02-06T21:56:45-08:00,2,1
index.js,20,js,8901c792,y3pat,2025-02-06,21:56:45,-08:00,2025-02-06T21:56:45-08:00,1,0
index.js,21,js,8901c792,y3pat,2025-02-06,21:56:45,-08:00,2025-02-06T21:56:45-08:00,0,0
index.html,1,html,9b4a304b,y3pat,2025-01-10,14:19:29,-08:00,2025-01-10T14:19:29-08:00,0,11
index.html,2,html,5804b53c,y3pat,2025-01-23,20:50:57,-08:00,2025-01-23T20:50:57-08:00,0,25
index.html,3,html,9b4a304b,y3pat,2025-01-10,14:19:29,-08:00,2025-01-10T14:19:29-08:00,0,2
index.html,4,html,9b4a304b,y3pat,2025-01-10,14:19:29,-08:00,2025-01-10T14:19:29-08:00,1,18
index.html,5,html,9b4a304b,y3pat,2025-01-10,14:19:29,-08:00,2025-01-10T14:19:29-08:00,1,66
index.html,6,html,9b4a304b,y3pat,2025-01-10,14:19:29,-08:00,2025-01-10T14:19:29-08:00,1,50
index.html,7,html,395be43a,y3pat,2025-01-17,14:20:38,-08:00,2025-01-17T14:20:38-08:00,0,3
index.html,8,html,395be43a,y3pat,2025-01-17,14:20:38,-08:00,2025-01-17T14:20:38-08:00,0,2
index.html,9,html,395be43a,y3pat,2025-01-17,14:20:38,-08:00,2025-01-17T14:20:38-08:00,1,15
index.html,10,html,4558dcb6,y3pat,2025-01-10,14:46:27,-08:00,2025-01-10T14:46:27-08:00,1,47
index.html,11,html,01675570,y3pat,2025-01-17,16:27:54,-08:00,2025-01-17T16:27:54-08:00,1,83
index.html,12,html,01675570,y3pat,2025-01-17,16:27:54,-08:00,2025-01-17T16:27:54-08:00,1,0
index.html,13,html,9b4a304b,y3pat,2025-01-10,14:19:29,-08:00,2025-01-10T14:19:29-08:00,0,3
index.html,14,html,8901c792,y3pat,2025-02-06,21:56:45,-08:00,2025-02-06T21:56:45-08:00,0,20
index.html,15,html,8901c792,y3pat,2025-02-06,21:56:45,-08:00,2025-02-06T21:56:45-08:00,0,26
index.html,16,html,8901c792,y3pat,2025-02-06,21:56:45,-08:00,2025-02-06T21:56:45-08:00,0,20
index.html,17,html,8901c792,y3pat,2025-02-06,21:56:45,-08:00,2025-02-06T21:56:45-08:00,0,18
index.html,18,html,8901c792,y3pat,2025-02-06,21:56:45,-08:00,2025-02-06T21:56:45-08:00,1,47
index.html,19,html,8901c792,y3pat,2025-02-06,21:56:45,-08:00,2025-02-06T21:56:45-08:00,0,2
index.html,20,html,8901c792,y3pat,2025-02-06,21:56:45,-08:00,2025-02-06T21:56:45-08:00,1,0
index.html,21,html,8901c792,y3pat,2025-02-06,21:56:45,-08:00,2025-02-06T21:56:45-08:00,0,36
index.html,22,html,8901c792,y3pat,2025-02-06,21:56:45,-08:00,2025-02-06T21:56:45-08:00,0,46
index.html,23,html,8901c792,y3pat,2025-02-06,21:56:45,-08:00,2025-02-06T21:56:45-08:00,0,57
index.html,24,html,8901c792,y3pat,2025-02-06,21:56:45,-08:00,2025-02-06T21:56:45-08:00,0,48
index.html,25,html,9b4a304b,y3pat,2025-01-10,14:19:29,-08:00,2025-01-10T14:19:29-08:00,0,3
global.js,1,js,f9934e12,y3pat,2025-01-23,17:59:07,-08:00,2025-01-23T17:59:07-08:00,0,23
global.js,2,js,f9934e12,y3pat,2025-01-23,17:59:07,-08:00,2025-01-23T17:59:07-08:00,0,0
global.js,3,js,f9934e12,y3pat,2025-01-23,17:59:07,-08:00,2025-01-23T17:59:07-08:00,0,39
global.js,4,js,f9934e12,y3pat,2025-01-23,17:59:07,-08:00,2025-01-23T17:59:07-08:00,1,50
global.js,5,js,8946c91d,y3pat,2025-01-23,18:34:37,-08:00,2025-01-23T18:34:37-08:00,0,0
global.js,6,js,8946c91d,y3pat,2025-01-23,18:34:37,-08:00,2025-01-23T18:34:37-08:00,0,0
global.js,7,js,8946c91d,y3pat,2025-01-23,18:34:37,-08:00,2025-01-23T18:34:37-08:00,0,23
global.js,8,js,8946c91d,y3pat,2025-01-23,18:34:37,-08:00,2025-01-23T18:34:37-08:00,0,28
global.js,9,js,8946c91d,y3pat,2025-01-23,18:34:37,-08:00,2025-01-23T18:34:37-08:00,1,63
global.js,10,js,8946c91d,y3pat,2025-01-23,18:34:37,-08:00,2025-01-23T18:34:37-08:00,0,0
global.js,11,js,5804b53c,y3pat,2025-01-23,20:50:57,-08:00,2025-01-23T20:50:57-08:00,0,0
global.js,12,js,8946c91d,y3pat,2025-01-23,18:34:37,-08:00,2025-01-23T18:34:37-08:00,0,34
global.js,13,js,5804b53c,y3pat,2025-01-23,20:50:57,-08:00,2025-01-23T20:50:57-08:00,0,0
global.js,14,js,5804b53c,y3pat,2025-01-23,20:50:57,-08:00,2025-01-23T20:50:57-08:00,0,68
global.js,15,js,5804b53c,y3pat,2025-01-23,20:50:57,-08:00,2025-01-23T20:50:57-08:00,0,0
global.js,16,js,5804b53c,y3pat,2025-01-23,20:50:57,-08:00,2025-01-23T20:50:57-08:00,0,9
global.js,17,js,5804b53c,y3pat,2025-01-23,20:50:57,-08:00,2025-01-23T20:50:57-08:00,1,23
global.js,18,js,5804b53c,y3pat,2025-01-23,20:50:57,-08:00,2025-01-23T20:50:57-08:00,1,36
global.js,19,js,5804b53c,y3pat,2025-01-23,20:50:57,-08:00,2025-01-23T20:50:57-08:00,1,34
global.js,20,js,5804b53c,y3pat,2025-01-23,20:50:57,-08:00,2025-01-23T20:50:57-08:00,1,32
global.js,21,js,5804b53c,y3pat,2025-01-23,20:50:57,-08:00,2025-01-23T20:50:57-08:00,1,65
global.js,22,js,5804b53c,y3pat,2025-01-23,20:50:57,-08:00,2025-01-23T20:50:57-08:00,0,0
global.js,23,js,5804b53c,y3pat,2025-01-23,20:50:57,-08:00,2025-01-23T20:50:57-08:00,0,0
global.js,24,js,5804b53c,y3pat,2025-01-23,20:50:57,-08:00,2025-01-23T20:50:57-08:00,0,36
global.js,25,js,5804b53c,y3pat,2025-01-23,20:50:57,-08:00,2025-01-23T20:50:57-08:00,0,23
global.js,26,js,5804b53c,y3pat,2025-01-23,20:50:57,-08:00,2025-01-23T20:50:57-08:00,0,0
global.js,27,js,5804b53c,y3pat,2025-01-23,20:50:57,-08:00,2025-01-23T20:50:57-08:00,0,18
global.js,28,js,5804b53c,y3pat,2025-01-23,20:50:57,-08:00,2025-01-23T20:50:57-08:00,1,12
global.js,29,js,5804b53c,y3pat,2025-01-23,20:50:57,-08:00,2025-01-23T20:50:57-08:00,1,16
global.js,30,js,5804b53c,y3pat,2025-01-23,20:50:57,-08:00,2025-01-23T20:50:57-08:00,1,62
global.js,31,js,5804b53c,y3pat,2025-01-23,20:50:57,-08:00,2025-01-23T20:50:57-08:00,1,32
global.js,32,js,5804b53c,y3pat,2025-01-23,20:50:57,-08:00,2025-01-23T20:50:57-08:00,1,9
global.js,33,js,5804b53c,y3pat,2025-01-23,20:50:57,-08:00,2025-01-23T20:50:57-08:00,1,18
global.js,34,js,5804b53c,y3pat,2025-01-23,20:50:57,-08:00,2025-01-23T20:50:57-08:00,1,15
global.js,35,js,5804b53c,y3pat,2025-01-23,20:50:57,-08:00,2025-01-23T20:50:57-08:00,2,6
global.js,36,js,5804b53c,y3pat,2025-01-23,20:50:57,-08:00,2025-01-23T20:50:57-08:00,2,56
global.js,37,js,5804b53c,y3pat,2025-01-23,20:50:57,-08:00,2025-01-23T20:50:57-08:00,1,0
global.js,38,js,5804b53c,y3pat,2025-01-23,20:50:57,-08:00,2025-01-23T20:50:57-08:00,1,0
global.js,39,js,5804b53c,y3pat,2025-01-23,20:50:57,-08:00,2025-01-23T20:50:57-08:00,1,0
global.js,40,js,5804b53c,y3pat,2025-01-23,20:50:57,-08:00,2025-01-23T20:50:57-08:00,1,53
global.js,41,js,5804b53c,y3pat,2025-01-23,20:50:57,-08:00,2025-01-23T20:50:57-08:00,1,0
global.js,42,js,5804b53c,y3pat,2025-01-23,20:50:57,-08:00,2025-01-23T20:50:57-08:00,1,10
global.js,43,js,5804b53c,y3pat,2025-01-23,20:50:57,-08:00,2025-01-23T20:50:57-08:00,1,0
global.js,44,js,0f6b9196,y3pat,2025-01-23,22:08:13,-08:00,2025-01-23T22:08:13-08:00,0,0
global.js,45,js,0f6b9196,y3pat,2025-01-23,22:08:13,-08:00,2025-01-23T22:08:13-08:00,0,0
global.js,46,js,0f6b9196,y3pat,2025-01-23,22:08:13,-08:00,2025-01-23T22:08:13-08:00,0,29
global.js,47,js,0f6b9196,y3pat,2025-01-23,22:08:13,-08:00,2025-01-23T22:08:13-08:00,1,9
global.js,48,js,0f6b9196,y3pat,2025-01-23,22:08:13,-08:00,2025-01-23T22:08:13-08:00,1,0
global.js,49,js,0f6b9196,y3pat,2025-01-23,22:08:13,-08:00,2025-01-23T22:08:13-08:00,1,24
global.js,50,js,0f6b9196,y3pat,2025-01-23,22:08:13,-08:00,2025-01-23T22:08:13-08:00,2,2
global.js,51,js,0f6b9196,y3pat,2025-01-23,22:08:13,-08:00,2025-01-23T22:08:13-08:00,2,24
global.js,52,js,0f6b9196,y3pat,2025-01-23,22:08:13,-08:00,2025-01-23T22:08:13-08:00,3,40
global.js,53,js,0f6b9196,y3pat,2025-01-23,22:08:13,-08:00,2025-01-23T22:08:13-08:00,3,32
global.js,54,js,0f6b9196,y3pat,2025-01-23,22:08:13,-08:00,2025-01-23T22:08:13-08:00,3,30
global.js,55,js,0f6b9196,y3pat,2025-01-23,22:08:13,-08:00,2025-01-23T22:08:13-08:00,2,5
global.js,56,js,0f6b9196,y3pat,2025-01-23,22:08:13,-08:00,2025-01-23T22:08:13-08:00,1,5
global.js,57,js,0f6b9196,y3pat,2025-01-23,22:08:13,-08:00,2025-01-23T22:08:13-08:00,0,0
global.js,58,js,0f6b9196,y3pat,2025-01-23,22:08:13,-08:00,2025-01-23T22:08:13-08:00,0,0
global.js,59,js,0f6b9196,y3pat,2025-01-23,22:08:13,-08:00,2025-01-23T22:08:13-08:00,0,34
global.js,60,js,0f6b9196,y3pat,2025-01-23,22:08:13,-08:00,2025-01-23T22:08:13-08:00,1,63
global.js,61,js,0f6b9196,y3pat,2025-01-23,22:08:13,-08:00,2025-01-23T22:08:13-08:00,1,35
global.js,62,js,0f6b9196,y3pat,2025-01-23,22:08:13,-08:00,2025-01-23T22:08:13-08:00,0,0
global.js,63,js,0f6b9196,y3pat,2025-01-23,22:08:13,-08:00,2025-01-23T22:08:13-08:00,0,0
global.js,64,js,0f6b9196,y3pat,2025-01-23,22:08:13,-08:00,2025-01-23T22:08:13-08:00,0,58
global.js,65,js,0f6b9196,y3pat,2025-01-23,22:08:13,-08:00,2025-01-23T22:08:13-08:00,0,0
global.js,66,js,0f6b9196,y3pat,2025-01-23,22:08:13,-08:00,2025-01-23T22:08:13-08:00,0,49
global.js,67,js,0f6b9196,y3pat,2025-01-23,22:08:13,-08:00,2025-01-23T22:08:13-08:00,1,57
global.js,68,js,0f6b9196,y3pat,2025-01-23,22:08:13,-08:00,2025-01-23T22:08:13-08:00,1,29
global.js,69,js,0f6b9196,y3pat,2025-01-23,22:08:13,-08:00,2025-01-23T22:08:13-08:00,1,28
global.js,70,js,0f6b9196,y3pat,2025-01-23,22:08:13,-08:00,2025-01-23T22:08:13-08:00,0,0
global.js,71,js,0f6b9196,y3pat,2025-01-23,22:08:13,-08:00,2025-01-23T22:08:13-08:00,0,0
global.js,72,js,0f6b9196,y3pat,2025-01-23,22:08:13,-08:00,2025-01-23T22:08:13-08:00,0,47
global.js,73,js,0f6b9196,y3pat,2025-01-23,22:08:13,-08:00,2025-01-23T22:08:13-08:00,1,38
global.js,74,js,0f6b9196,y3pat,2025-01-23,22:08:13,-08:00,2025-01-23T22:08:13-08:00,1,27
global.js,75,js,5b9e372c,y3pat,2025-02-01,17:14:19,-08:00,2025-02-01T17:14:19-08:00,0,0
global.js,76,js,5b9e372c,y3pat,2025-02-01,17:14:19,-08:00,2025-02-01T17:14:19-08:00,0,0
global.js,77,js,5b9e372c,y3pat,2025-02-01,17:14:19,-08:00,2025-02-01T17:14:19-08:00,0,34
global.js,78,js,5b9e372c,y3pat,2025-02-01,17:14:19,-08:00,2025-02-01T17:14:19-08:00,1,1
global.js,79,js,5b9e372c,y3pat,2025-02-01,17:14:19,-08:00,2025-02-01T17:14:19-08:00,2,37
global.js,80,js,5b9e372c,y3pat,2025-02-01,17:14:19,-08:00,2025-02-01T17:14:19-08:00,2,30
global.js,81,js,5b9e372c,y3pat,2025-02-01,17:14:19,-08:00,2025-02-01T17:14:19-08:00,2,15
global.js,82,js,5b9e372c,y3pat,2025-02-01,17:14:19,-08:00,2025-02-01T17:14:19-08:00,3,64
global.js,83,js,5b9e372c,y3pat,2025-02-01,17:14:19,-08:00,2025-02-01T17:14:19-08:00,2,0
global.js,84,js,5b9e372c,y3pat,2025-02-01,17:14:19,-08:00,2025-02-01T17:14:19-08:00,0,0
global.js,85,js,5b9e372c,y3pat,2025-02-01,17:14:19,-08:00,2025-02-01T17:14:19-08:00,2,31
global.js,86,js,5b9e372c,y3pat,2025-02-01,17:14:19,-08:00,2025-02-01T17:14:19-08:00,2,8
global.js,87,js,5b9e372c,y3pat,2025-02-01,17:14:19,-08:00,2025-02-01T17:14:19-08:00,0,0
global.js,88,js,5b9e372c,y3pat,2025-02-01,17:14:19,-08:00,2025-02-01T17:14:19-08:00,1,13
global.js,89,js,5b9e372c,y3pat,2025-02-01,17:14:19,-08:00,2025-02-01T17:14:19-08:00,2,57
global.js,90,js,5b9e372c,y3pat,2025-02-01,17:14:19,-08:00,2025-02-01T17:14:19-08:00,1,0
global.js,91,js,5b9e372c,y3pat,2025-02-01,17:14:19,-08:00,2025-02-01T17:14:19-08:00,0,0
global.js,92,js,5b9e372c,y3pat,2025-02-01,17:14:19,-08:00,2025-02-01T17:14:19-08:00,0,0
global.js,93,js,5b9e372c,y3pat,2025-02-01,17:14:19,-08:00,2025-02-01T17:14:19-08:00,0,77
global.js,94,js,5b9e372c,y3pat,2025-02-01,17:14:19,-08:00,2025-02-01T17:14:19-08:00,1,21
global.js,95,js,5b9e372c,y3pat,2025-02-01,17:14:19,-08:00,2025-02-01T17:14:19-08:00,1,66
global.js,96,js,5b9e372c,y3pat,2025-02-01,17:14:19,-08:00,2025-02-01T17:14:19-08:00,1,49
global.js,97,js,5b9e372c,y3pat,2025-02-01,17:14:19,-08:00,2025-02-01T17:14:19-08:00,1,3
global.js,98,js,5b9e372c,y3pat,2025-02-01,17:14:19,-08:00,2025-02-01T17:14:19-08:00,1,0
global.js,99,js,5b9e372c,y3pat,2025-02-01,17:14:19,-08:00,2025-02-01T17:14:19-08:00,0,0
global.js,100,js,5b9e372c,y3pat,2025-02-01,17:14:19,-08:00,2025-02-01T17:14:19-08:00,1,55
global.js,101,js,5b9e372c,y3pat,2025-02-01,17:14:19,-08:00,2025-02-01T17:14:19-08:00,1,40
global.js,102,js,5b9e372c,y3pat,2025-02-01,17:14:19,-08:00,2025-02-01T17:14:19-08:00,2,52
global.js,103,js,5b9e372c,y3pat,2025-02-01,17:14:19,-08:00,2025-02-01T17:14:19-08:00,2,16
global.js,104,js,5b9e372c,y3pat,2025-02-01,17:14:19,-08:00,2025-02-01T17:14:19-08:00,1,0
global.js,105,js,5b9e372c,y3pat,2025-02-01,17:14:19,-08:00,2025-02-01T17:14:19-08:00,0,0
global.js,106,js,5b9e372c,y3pat,2025-02-01,17:14:19,-08:00,2025-02-01T17:14:19-08:00,1,28
global.js,107,js,5b9e372c,y3pat,2025-02-01,17:14:19,-08:00,2025-02-01T17:14:19-08:00,1,27
global.js,108,js,5b9e372c,y3pat,2025-02-01,17:14:19,-08:00,2025-02-01T17:14:19-08:00,1,46
global.js,109,js,5b9e372c,y3pat,2025-02-01,17:14:19,-08:00,2025-02-01T17:14:19-08:00,1,17
global.js,110,js,5b9e372c,y3pat,2025-02-01,17:14:19,-08:00,2025-02-01T17:14:19-08:00,2,47
global.js,111,js,5b9e372c,y3pat,2025-02-01,17:14:19,-08:00,2025-02-01T17:14:19-08:00,2,47
global.js,112,js,5b9e372c,y3pat,2025-02-01,17:14:19,-08:00,2025-02-01T17:14:19-08:00,2,25
global.js,113,js,982099f6,y3pat,2025-02-08,16:46:06,-08:00,2025-02-08T16:46:06-08:00,2,40
global.js,114,js,5b9e372c,y3pat,2025-02-01,17:14:19,-08:00,2025-02-01T17:14:19-08:00,1,0
global.js,115,js,5b9e372c,y3pat,2025-02-01,17:14:19,-08:00,2025-02-01T17:14:19-08:00,1,34
global.js,116,js,5b9e372c,y3pat,2025-02-01,17:14:19,-08:00,2025-02-01T17:14:19-08:00,1,0
global.js,117,js,1f1387ef,y3pat,2025-02-01,17:18:49,-08:00,2025-02-01T17:18:49-08:00,0,0
global.js,118,js,8901c792,y3pat,2025-02-06,21:56:45,-08:00,2025-02-06T21:56:45-08:00,0,0
global.js,119,js,8901c792,y3pat,2025-02-06,21:56:45,-08:00,2025-02-06T21:56:45-08:00,0,45
global.js,120,js,8901c792,y3pat,2025-02-06,21:56:45,-08:00,2025-02-06T21:56:45-08:00,1,20
global.js,121,js,8901c792,y3pat,2025-02-06,21:56:45,-08:00,2025-02-06T21:56:45-08:00,1,57
global.js,122,js,8901c792,y3pat,2025-02-06,21:56:45,-08:00,2025-02-06T21:56:45-08:00,0,0
resume/index.html,1,html,a7e0c45a,y3pat,2025-01-10,18:05:54,-08:00,2025-01-10T18:05:54-08:00,0,11
resume/index.html,2,html,a7e0c45a,y3pat,2025-01-10,18:05:54,-08:00,2025-01-10T18:05:54-08:00,0,12
resume/index.html,3,html,a7e0c45a,y3pat,2025-01-10,18:05:54,-08:00,2025-01-10T18:05:54-08:00,0,2
resume/index.html,4,html,a7e0c45a,y3pat,2025-01-10,18:05:54,-08:00,2025-01-10T18:05:54-08:00,1,18
resume/index.html,5,html,a7e0c45a,y3pat,2025-01-10,18:05:54,-08:00,2025-01-10T18:05:54-08:00,1,66
resume/index.html,6,html,a7e0c45a,y3pat,2025-01-10,18:05:54,-08:00,2025-01-10T18:05:54-08:00,1,20
resume/index.html,7,html,a7e0c45a,y3pat,2025-01-10,18:05:54,-08:00,2025-01-10T18:05:54-08:00,1,0
resume/index.html,8,html,a7e0c45a,y3pat,2025-01-10,18:05:54,-08:00,2025-01-10T18:05:54-08:00,0,3
resume/index.html,9,html,01675570,y3pat,2025-01-17,16:27:54,-08:00,2025-01-17T16:27:54-08:00,0,22
resume/index.html,10,html,a7e0c45a,y3pat,2025-01-10,18:05:54,-08:00,2025-01-10T18:05:54-08:00,1,4
resume/index.html,11,html,a7e0c45a,y3pat,2025-01-10,18:05:54,-08:00,2025-01-10T18:05:54-08:00,2,15
resume/index.html,12,html,a7e0c45a,y3pat,2025-01-10,18:05:54,-08:00,2025-01-10T18:05:54-08:00,2,0
resume/index.html,13,html,a7e0c45a,y3pat,2025-01-10,18:05:54,-08:00,2025-01-10T18:05:54-08:00,3,19
resume/index.html,14,html,1401eee2,y3pat,2025-01-10,18:11:14,-08:00,2025-01-10T18:11:14-08:00,3,66
resume/index.html,15,html,a7e0c45a,y3pat,2025-01-10,18:05:54,-08:00,2025-01-10T18:05:54-08:00,2,0
resume/index.html,16,html,a7e0c45a,y3pat,2025-01-10,18:05:54,-08:00,2025-01-10T18:05:54-08:00,1,5
resume/index.html,17,html,a7e0c45a,y3pat,2025-01-10,18:05:54,-08:00,2025-01-10T18:05:54-08:00,1,5
resume/index.html,18,html,a7e0c45a,y3pat,2025-01-10,18:05:54,-08:00,2025-01-10T18:05:54-08:00,2,4
resume/index.html,19,html,a7e0c45a,y3pat,2025-01-10,18:05:54,-08:00,2025-01-10T18:05:54-08:00,3,14
resume/index.html,20,html,a7e0c45a,y3pat,2025-01-10,18:05:54,-08:00,2025-01-10T18:05:54-08:00,2,5
resume/index.html,21,html,a7e0c45a,y3pat,2025-01-10,18:05:54,-08:00,2025-01-10T18:05:54-08:00,2,5
resume/index.html,22,html,a7e0c45a,y3pat,2025-01-10,18:05:54,-08:00,2025-01-10T18:05:54-08:00,3,40
resume/index.html,23,html,a7e0c45a,y3pat,2025-01-10,18:05:54,-08:00,2025-01-10T18:05:54-08:00,3,60
resume/index.html,24,html,a7e0c45a,y3pat,2025-01-10,18:05:54,-08:00,2025-01-10T18:05:54-08:00,3,28
resume/index.html,25,html,a7e0c45a,y3pat,2025-01-10,18:05:54,-08:00,2025-01-10T18:05:54-08:00,2,6
resume/index.html,26,html,a7e0c45a,y3pat,2025-01-10,18:05:54,-08:00,2025-01-10T18:05:54-08:00,2,5
resume/index.html,27,html,a7e0c45a,y3pat,2025-01-10,18:05:54,-08:00,2025-01-10T18:05:54-08:00,3,34
resume/index.html,28,html,a7e0c45a,y3pat,2025-01-10,18:05:54,-08:00,2025-01-10T18:05:54-08:00,3,60
resume/index.html,29,html,a7e0c45a,y3pat,2025-01-10,18:05:54,-08:00,2025-01-10T18:05:54-08:00,3,15
resume/index.html,30,html,a7e0c45a,y3pat,2025-01-10,18:05:54,-08:00,2025-01-10T18:05:54-08:00,2,6
resume/index.html,31,html,a7e0c45a,y3pat,2025-01-10,18:05:54,-08:00,2025-01-10T18:05:54-08:00,1,6
resume/index.html,32,html,a7e0c45a,y3pat,2025-01-10,18:05:54,-08:00,2025-01-10T18:05:54-08:00,0,0
resume/index.html,33,html,a7e0c45a,y3pat,2025-01-10,18:05:54,-08:00,2025-01-10T18:05:54-08:00,1,5
resume/index.html,34,html,a7e0c45a,y3pat,2025-01-10,18:05:54,-08:00,2025-01-10T18:05:54-08:00,2,4
resume/index.html,35,html,a7e0c45a,y3pat,2025-01-10,18:05:54,-08:00,2025-01-10T18:05:54-08:00,3,20
resume/index.html,36,html,a7e0c45a,y3pat,2025-01-10,18:05:54,-08:00,2025-01-10T18:05:54-08:00,2,5
resume/index.html,37,html,a7e0c45a,y3pat,2025-01-10,18:05:54,-08:00,2025-01-10T18:05:54-08:00,2,5
resume/index.html,38,html,a7e0c45a,y3pat,2025-01-10,18:05:54,-08:00,2025-01-10T18:05:54-08:00,3,24
resume/index.html,39,html,a7e0c45a,y3pat,2025-01-10,18:05:54,-08:00,2025-01-10T18:05:54-08:00,3,129
resume/index.html,40,html,a7e0c45a,y3pat,2025-01-10,18:05:54,-08:00,2025-01-10T18:05:54-08:00,3,0
resume/index.html,41,html,a7e0c45a,y3pat,2025-01-10,18:05:54,-08:00,2025-01-10T18:05:54-08:00,4,94
resume/index.html,42,html,a7e0c45a,y3pat,2025-01-10,18:05:54,-08:00,2025-01-10T18:05:54-08:00,4,97
resume/index.html,43,html,a7e0c45a,y3pat,2025-01-10,18:05:54,-08:00,2025-01-10T18:05:54-08:00,4,84
resume/index.html,44,html,a7e0c45a,y3pat,2025-01-10,18:05:54,-08:00,2025-01-10T18:05:54-08:00,3,1
resume/index.html,45,html,a7e0c45a,y3pat,2025-01-10,18:05:54,-08:00,2025-01-10T18:05:54-08:00,2,6
resume/index.html,46,html,a7e0c45a,y3pat,2025-01-10,18:05:54,-08:00,2025-01-10T18:05:54-08:00,2,5
resume/index.html,47,html,a7e0c45a,y3pat,2025-01-10,18:05:54,-08:00,2025-01-10T18:05:54-08:00,3,15
resume/index.html,48,html,a7e0c45a,y3pat,2025-01-10,18:05:54,-08:00,2025-01-10T18:05:54-08:00,3,132
resume/index.html,49,html,a7e0c45a,y3pat,2025-01-10,18:05:54,-08:00,2025-01-10T18:05:54-08:00,3,0
resume/index.html,50,html,a7e0c45a,y3pat,2025-01-10,18:05:54,-08:00,2025-01-10T18:05:54-08:00,4,69
resume/index.html,51,html,a7e0c45a,y3pat,2025-01-10,18:05:54,-08:00,2025-01-10T18:05:54-08:00,3,1
resume/index.html,52,html,a7e0c45a,y3pat,2025-01-10,18:05:54,-08:00,2025-01-10T18:05:54-08:00,2,6
resume/index.html,53,html,a7e0c45a,y3pat,2025-01-10,18:05:54,-08:00,2025-01-10T18:05:54-08:00,1,6
resume/index.html,54,html,a7e0c45a,y3pat,2025-01-10,18:05:54,-08:00,2025-01-10T18:05:54-08:00,0,0
resume/index.html,55,html,a7e0c45a,y3pat,2025-01-10,18:05:54,-08:00,2025-01-10T18:05:54-08:00,1,5
resume/index.html,56,html,a7e0c45a,y3pat,2025-01-10,18:05:54,-08:00,2025-01-10T18:05:54-08:00,2,4
resume/index.html,57,html,a7e0c45a,y3pat,2025-01-10,18:05:54,-08:00,2025-01-10T18:05:54-08:00,3,13
resume/index.html,58,html,a7e0c45a,y3pat,2025-01-10,18:05:54,-08:00,2025-01-10T18:05:54-08:00,2,5
resume/index.html,59,html,a7e0c45a,y3pat,2025-01-10,18:05:54,-08:00,2025-01-10T18:05:54-08:00,2,5
resume/index.html,60,html,a7e0c45a,y3pat,2025-01-10,18:05:54,-08:00,2025-01-10T18:05:54-08:00,3,28
resume/index.html,61,html,a7e0c45a,y3pat,2025-01-10,18:05:54,-08:00,2025-01-10T18:05:54-08:00,3,44
resume/index.html,62,html,a7e0c45a,y3pat,2025-01-10,18:05:54,-08:00,2025-01-10T18:05:54-08:00,3,0
resume/index.html,63,html,a7e0c45a,y3pat,2025-01-10,18:05:54,-08:00,2025-01-10T18:05:54-08:00,4,62
resume/index.html,64,html,a7e0c45a,y3pat,2025-01-10,18:05:54,-08:00,2025-01-10T18:05:54-08:00,4,95
resume/index.html,65,html,a7e0c45a,y3pat,2025-01-10,18:05:54,-08:00,2025-01-10T18:05:54-08:00,4,130
resume/index.html,66,html,a7e0c45a,y3pat,2025-01-10,18:05:54,-08:00,2025-01-10T18:05:54-08:00,3,1
resume/index.html,67,html,a7e0c45a,y3pat,2025-01-10,18:05:54,-08:00,2025-01-10T18:05:54-08:00,2,6
resume/index.html,68,html,a7e0c45a,y3pat,2025-01-10,18:05:54,-08:00,2025-01-10T18:05:54-08:00,2,5
resume/index.html,69,html,a7e0c45a,y3pat,2025-01-10,18:05:54,-08:00,2025-01-10T18:05:54-08:00,3,28
resume/index.html,70,html,a7e0c45a,y3pat,2025-01-10,18:05:54,-08:00,2025-01-10T18:05:54-08:00,3,94
resume/index.html,71,html,a7e0c45a,y3pat,2025-01-10,18:05:54,-08:00,2025-01-10T18:05:54-08:00,3,0
resume/index.html,72,html,a7e0c45a,y3pat,2025-01-10,18:05:54,-08:00,2025-01-10T18:05:54-08:00,4,78
resume/index.html,73,html,a7e0c45a,y3pat,2025-01-10,18:05:54,-08:00,2025-01-10T18:05:54-08:00,4,153
resume/index.html,74,html,a7e0c45a,y3pat,2025-01-10,18:05:54,-08:00,2025-01-10T18:05:54-08:00,3,1
resume/index.html,75,html,a7e0c45a,y3pat,2025-01-10,18:05:54,-08:00,2025-01-10T18:05:54-08:00,2,6
resume/index.html,76,html,a7e0c45a,y3pat,2025-01-10,18:05:54,-08:00,2025-01-10T18:05:54-08:00,1,6
resume/index.html,77,html,a7e0c45a,y3pat,2025-01-10,18:05:54,-08:00,2025-01-10T18:05:54-08:00,0,0
resume/index.html,78,html,a7e0c45a,y3pat,2025-01-10,18:05:54,-08:00,2025-01-10T18:05:54-08:00,1,5
resume/index.html,79,html,a7e0c45a,y3pat,2025-01-10,18:05:54,-08:00,2025-01-10T18:05:54-08:00,2,4
resume/index.html,80,html,a7e0c45a,y3pat,2025-01-10,18:05:54,-08:00,2025-01-10T18:05:54-08:00,3,11
resume/index.html,81,html,a7e0c45a,y3pat,2025-01-10,18:05:54,-08:00,2025-01-10T18:05:54-08:00,2,5
resume/index.html,82,html,a7e0c45a,y3pat,2025-01-10,18:05:54,-08:00,2025-01-10T18:05:54-08:00,2,0
resume/index.html,83,html,a7e0c45a,y3pat,2025-01-10,18:05:54,-08:00,2025-01-10T18:05:54-08:00,3,58
resume/index.html,84,html,a7e0c45a,y3pat,2025-01-10,18:05:54,-08:00,2025-01-10T18:05:54-08:00,3,82
resume/index.html,85,html,a7e0c45a,y3pat,2025-01-10,18:05:54,-08:00,2025-01-10T18:05:54-08:00,3,27
resume/index.html,86,html,a7e0c45a,y3pat,2025-01-10,18:05:54,-08:00,2025-01-10T18:05:54-08:00,2,1
resume/index.html,87,html,a7e0c45a,y3pat,2025-01-10,18:05:54,-08:00,2025-01-10T18:05:54-08:00,1,6
resume/index.html,88,html,395be43a,y3pat,2025-01-17,14:20:38,-08:00,2025-01-17T14:20:38-08:00,1,39
resume/index.html,89,html,f9934e12,y3pat,2025-01-23,17:59:07,-08:00,2025-01-23T17:59:07-08:00,1,46
resume/index.html,90,html,a7e0c45a,y3pat,2025-01-10,18:05:54,-08:00,2025-01-10T18:05:54-08:00,0,3
resume/index.html,91,html,1401eee2,y3pat,2025-01-10,18:11:14,-08:00,2025-01-10T18:11:14-08:00,0,3
projects/projects.js,1,js,5b9e372c,y3pat,2025-02-01,17:14:19,-08:00,2025-02-01T17:14:19-08:00,0,53
projects/projects.js,2,js,982099f6,y3pat,2025-02-08,16:46:06,-08:00,2025-02-08T16:46:06-08:00,0,61
projects/projects.js,3,js,5b9e372c,y3pat,2025-02-01,17:14:19,-08:00,2025-02-01T17:14:19-08:00,0,0
projects/projects.js,4,js,6aeff753,y3pat,2025-02-08,18:03:15,-08:00,2025-02-08T18:03:15-08:00,0,19
projects/projects.js,5,js,247bfa7a,y3pat,2025-02-08,18:44:39,-08:00,2025-02-08T18:44:39-08:00,0,11
projects/projects.js,6,js,6aeff753,y3pat,2025-02-08,18:03:15,-08:00,2025-02-08T18:03:15-08:00,0,0
projects/projects.js,7,js,8901c792,y3pat,2025-02-06,21:56:45,-08:00,2025-02-06T21:56:45-08:00,0,53
projects/projects.js,8,js,5b9e372c,y3pat,2025-02-01,17:14:19,-08:00,2025-02-01T17:14:19-08:00,0,0
projects/projects.js,9,js,8901c792,y3pat,2025-02-06,21:56:45,-08:00,2025-02-06T21:56:45-08:00,0,58
projects/projects.js,10,js,8901c792,y3pat,2025-02-06,21:56:45,-08:00,2025-02-06T21:56:45-08:00,0,21
projects/projects.js,11,js,8901c792,y3pat,2025-02-06,21:56:45,-08:00,2025-02-06T21:56:45-08:00,1,56
projects/projects.js,12,js,8901c792,y3pat,2025-02-06,21:56:45,-08:00,2025-02-06T21:56:45-08:00,0,0
projects/projects.js,13,js,5b9e372c,y3pat,2025-02-01,17:14:19,-08:00,2025-02-01T17:14:19-08:00,0,0
projects/projects.js,14,js,8901c792,y3pat,2025-02-06,21:56:45,-08:00,2025-02-06T21:56:45-08:00,0,60
projects/projects.js,15,js,8901c792,y3pat,2025-02-06,21:56:45,-08:00,2025-02-06T21:56:45-08:00,0,56
projects/projects.js,16,js,8901c792,y3pat,2025-02-06,21:56:45,-08:00,2025-02-06T21:56:45-08:00,0,0
projects/projects.js,17,js,8901c792,y3pat,2025-02-06,21:56:45,-08:00,2025-02-06T21:56:45-08:00,0,46
projects/projects.js,18,js,247bfa7a,y3pat,2025-02-08,18:44:39,-08:00,2025-02-08T18:44:39-08:00,0,21
projects/projects.js,19,js,5b9e372c,y3pat,2025-02-01,17:14:19,-08:00,2025-02-01T17:14:19-08:00,0,0
projects/projects.js,20,js,247bfa7a,y3pat,2025-02-08,18:44:39,-08:00,2025-02-08T18:44:39-08:00,0,36
projects/projects.js,21,js,247bfa7a,y3pat,2025-02-08,18:44:39,-08:00,2025-02-08T18:44:39-08:00,1,41
projects/projects.js,22,js,247bfa7a,y3pat,2025-02-08,18:44:39,-08:00,2025-02-08T18:44:39-08:00,1,25
projects/projects.js,23,js,247bfa7a,y3pat,2025-02-08,18:44:39,-08:00,2025-02-08T18:44:39-08:00,2,15
projects/projects.js,24,js,247bfa7a,y3pat,2025-02-08,18:44:39,-08:00,2025-02-08T18:44:39-08:00,3,36
projects/projects.js,25,js,247bfa7a,y3pat,2025-02-08,18:44:39,-08:00,2025-02-08T18:44:39-08:00,3,51
projects/projects.js,26,js,247bfa7a,y3pat,2025-02-08,18:44:39,-08:00,2025-02-08T18:44:39-08:00,3,66
projects/projects.js,27,js,247bfa7a,y3pat,2025-02-08,18:44:39,-08:00,2025-02-08T18:44:39-08:00,3,16
projects/projects.js,28,js,247bfa7a,y3pat,2025-02-08,18:44:39,-08:00,2025-02-08T18:44:39-08:00,4,45
projects/projects.js,29,js,247bfa7a,y3pat,2025-02-08,18:44:39,-08:00,2025-02-08T18:44:39-08:00,4,24
projects/projects.js,30,js,247bfa7a,y3pat,2025-02-08,18:44:39,-08:00,2025-02-08T18:44:39-08:00,3,0
projects/projects.js,31,js,247bfa7a,y3pat,2025-02-08,18:44:39,-08:00,2025-02-08T18:44:39-08:00,1,0
projects/projects.js,32,js,247bfa7a,y3pat,2025-02-08,18:44:39,-08:00,2025-02-08T18:44:39-08:00,0,0
projects/projects.js,33,js,982099f6,y3pat,2025-02-08,16:46:06,-08:00,2025-02-08T16:46:06-08:00,0,0
projects/projects.js,34,js,6aeff753,y3pat,2025-02-08,18:03:15,-08:00,2025-02-08T18:03:15-08:00,0,36
projects/projects.js,35,js,6aeff753,y3pat,2025-02-08,18:03:15,-08:00,2025-02-08T18:03:15-08:00,1,27
projects/projects.js,36,js,6aeff753,y3pat,2025-02-08,18:03:15,-08:00,2025-02-08T18:03:15-08:00,2,10
projects/projects.js,37,js,6aeff753,y3pat,2025-02-08,18:03:15,-08:00,2025-02-08T18:03:15-08:00,2,12
projects/projects.js,38,js,6aeff753,y3pat,2025-02-08,18:03:15,-08:00,2025-02-08T18:03:15-08:00,2,9
projects/projects.js,39,js,6aeff753,y3pat,2025-02-08,18:03:15,-08:00,2025-02-08T18:03:15-08:00,1,0
projects/projects.js,40,js,6aeff753,y3pat,2025-02-08,18:03:15,-08:00,2025-02-08T18:03:15-08:00,0,0
projects/projects.js,41,js,6aeff753,y3pat,2025-02-08,18:03:15,-08:00,2025-02-08T18:03:15-08:00,1,48
projects/projects.js,42,js,6aeff753,y3pat,2025-02-08,18:03:15,-08:00,2025-02-08T18:03:15-08:00,2,33
projects/projects.js,43,js,6aeff753,y3pat,2025-02-08,18:03:15,-08:00,2025-02-08T18:03:15-08:00,1,0
projects/projects.js,44,js,6aeff753,y3pat,2025-02-08,18:03:15,-08:00,2025-02-08T18:03:15-08:00,0,0
projects/projects.js,45,js,6aeff753,y3pat,2025-02-08,18:03:15,-08:00,2025-02-08T18:03:15-08:00,1,41
projects/projects.js,46,js,247bfa7a,y3pat,2025-02-08,18:44:39,-08:00,2025-02-08T18:44:39-08:00,1,30
projects/projects.js,47,js,6aeff753,y3pat,2025-02-08,18:03:15,-08:00,2025-02-08T18:03:15-08:00,0,0
projects/projects.js,48,js,6aeff753,y3pat,2025-02-08,18:03:15,-08:00,2025-02-08T18:03:15-08:00,1,45
projects/projects.js,49,js,6aeff753,y3pat,2025-02-08,18:03:15,-08:00,2025-02-08T18:03:15-08:00,1,55
projects/projects.js,50,js,6aeff753,y3pat,2025-02-08,18:03:15,-08:00,2025-02-08T18:03:15-08:00,1,48
projects/projects.js,51,js,6aeff753,y3pat,2025-02-08,18:03:15,-08:00,2025-02-08T18:03:15-08:00,1,34
projects/projects.js,52,js,6aeff753,y3pat,2025-02-08,18:03:15,-08:00,2025-02-08T18:03:15-08:00,0,0
projects/projects.js,53,js,6aeff753,y3pat,2025-02-08,18:03:15,-08:00,2025-02-08T18:03:15-08:00,1,25
projects/projects.js,54,js,6aeff753,y3pat,2025-02-08,18:03:15,-08:00,2025-02-08T18:03:15-08:00,2,17
projects/projects.js,55,js,6aeff753,y3pat,2025-02-08,18:03:15,-08:00,2025-02-08T18:03:15-08:00,3,23
projects/projects.js,56,js,6aeff753,y3pat,2025-02-08,18:03:15,-08:00,2025-02-08T18:03:15-08:00,3,22
projects/projects.js,57,js,6aeff753,y3pat,2025-02-08,18:03:15,-08:00,2025-02-08T18:03:15-08:00,3,51
projects/projects.js,58,js,6aeff753,y3pat,2025-02-08,18:03:15,-08:00,2025-02-08T18:03:15-08:00,3,16
projects/projects.js,59,js,6aeff753,y3pat,2025-02-08,18:03:15,-08:00,2025-02-08T18:03:15-08:00,4,45
projects/projects.js,60,js,6aeff753,y3pat,2025-02-08,18:03:15,-08:00,2025-02-08T18:03:15-08:00,4,24
projects/projects.js,61,js,6aeff753,y3pat,2025-02-08,18:03:15,-08:00,2025-02-08T18:03:15-08:00,3,0
projects/projects.js,62,js,6aeff753,y3pat,2025-02-08,18:03:15,-08:00,2025-02-08T18:03:15-08:00,1,0
projects/projects.js,63,js,6aeff753,y3pat,2025-02-08,18:03:15,-08:00,2025-02-08T18:03:15-08:00,0,0
projects/projects.js,64,js,247bfa7a,y3pat,2025-02-08,18:44:39,-08:00,2025-02-08T18:44:39-08:00,1,26
projects/projects.js,65,js,6aeff753,y3pat,2025-02-08,18:03:15,-08:00,2025-02-08T18:03:15-08:00,1,26
projects/projects.js,66,js,6aeff753,y3pat,2025-02-08,18:03:15,-08:00,2025-02-08T18:03:15-08:00,0,0
projects/projects.js,67,js,a84f2e69,y3pat,2025-02-08,17:09:40,-08:00,2025-02-08T17:09:40-08:00,0,0
projects/projects.js,68,js,6aeff753,y3pat,2025-02-08,18:03:15,-08:00,2025-02-08T18:03:15-08:00,0,34
projects/projects.js,69,js,6aeff753,y3pat,2025-02-08,18:03:15,-08:00,2025-02-08T18:03:15-08:00,1,28
projects/projects.js,70,js,6aeff753,y3pat,2025-02-08,18:03:15,-08:00,2025-02-08T18:03:15-08:00,0,0
projects/projects.js,71,js,6aeff753,y3pat,2025-02-08,18:03:15,-08:00,2025-02-08T18:03:15-08:00,1,22
projects/projects.js,72,js,6aeff753,y3pat,2025-02-08,18:03:15,-08:00,2025-02-08T18:03:15-08:00,2,53
projects/projects.js,73,js,6aeff753,y3pat,2025-02-08,18:03:15,-08:00,2025-02-08T18:03:15-08:00,3,57
projects/projects.js,74,js,6aeff753,y3pat,2025-02-08,18:03:15,-08:00,2025-02-08T18:03:15-08:00,3,40
projects/projects.js,75,js,6aeff753,y3pat,2025-02-08,18:03:15,-08:00,2025-02-08T18:03:15-08:00,2,0
projects/projects.js,76,js,6aeff753,y3pat,2025-02-08,18:03:15,-08:00,2025-02-08T18:03:15-08:00,1,0
projects/projects.js,77,js,6aeff753,y3pat,2025-02-08,18:03:15,-08:00,2025-02-08T18:03:15-08:00,0,0
projects/projects.js,78,js,247bfa7a,y3pat,2025-02-08,18:44:39,-08:00,2025-02-08T18:44:39-08:00,1,29
projects/projects.js,79,js,247bfa7a,y3pat,2025-02-08,18:44:39,-08:00,2025-02-08T18:44:39-08:00,0,0
projects/projects.js,80,js,6aeff753,y3pat,2025-02-08,18:03:15,-08:00,2025-02-08T18:03:15-08:00,1,23
projects/projects.js,81,js,247bfa7a,y3pat,2025-02-08,18:44:39,-08:00,2025-02-08T18:44:39-08:00,2,0
projects/projects.js,82,js,247bfa7a,y3pat,2025-02-08,18:44:39,-08:00,2025-02-08T18:44:39-08:00,2,76
projects/projects.js,83,js,247bfa7a,y3pat,2025-02-08,18:44:39,-08:00,2025-02-08T18:44:39-08:00,2,38
projects/projects.js,84,js,247bfa7a,y3pat,2025-02-08,18:44:39,-08:00,2025-02-08T18:44:39-08:00,3,46
projects/projects.js,85,js,247bfa7a,y3pat,2025-02-08,18:44:39,-08:00,2025-02-08T18:44:39-08:00,3,71
projects/projects.js,86,js,247bfa7a,y3pat,2025-02-08,18:44:39,-08:00,2025-02-08T18:44:39-08:00,2,4
projects/projects.js,87,js,247bfa7a,y3pat,2025-02-08,18:44:39,-08:00,2025-02-08T18:44:39-08:00,3,15
projects/projects.js,88,js,247bfa7a,y3pat,2025-02-08,18:44:39,-08:00,2025-02-08T18:44:39-08:00,2,0
projects/projects.js,89,js,6aeff753,y3pat,2025-02-08,18:03:15,-08:00,2025-02-08T18:03:15-08:00,1,0
projects/projects.js,90,js,6aeff753,y3pat,2025-02-08,18:03:15,-08:00,2025-02-08T18:03:15-08:00,0,0
projects/projects.js,91,js,6aeff753,y3pat,2025-02-08,18:03:15,-08:00,2025-02-08T18:03:15-08:00,1,54
projects/projects.js,92,js,6aeff753,y3pat,2025-02-08,18:03:15,-08:00,2025-02-08T18:03:15-08:00,0,0
projects/projects.js,93,js,982099f6,y3pat,2025-02-08,16:46:06,-08:00,2025-02-08T16:46:06-08:00,0,0
projects/projects.js,94,js,6aeff753,y3pat,2025-02-08,18:03:15,-08:00,2025-02-08T18:03:15-08:00,0,51
projects/projects.js,95,js,247bfa7a,y3pat,2025-02-08,18:44:39,-08:00,2025-02-08T18:44:39-08:00,0,46
projects/projects.js,96,js,247bfa7a,y3pat,2025-02-08,18:44:39,-08:00,2025-02-08T18:44:39-08:00,1,37
projects/projects.js,97,js,6aeff753,y3pat,2025-02-08,18:03:15,-08:00,2025-02-08T18:03:15-08:00,1,24
projects/projects.js,98,js,6aeff753,y3pat,2025-02-08,18:03:15,-08:00,2025-02-08T18:03:15-08:00,1,82
projects/projects.js,99,js,6aeff753,y3pat,2025-02-08,18:03:15,-08:00,2025-02-08T18:03:15-08:00,1,49
projects/projects.js,100,js,6aeff753,y3pat,2025-02-08,18:03:15,-08:00,2025-02-08T18:03:15-08:00,2,57
projects/projects.js,101,js,6aeff753,y3pat,2025-02-08,18:03:15,-08:00,2025-02-08T18:03:15-08:00,2,26
projects/projects.js,102,js,6aeff753,y3pat,2025-02-08,18:03:15,-08:00,2025-02-08T18:03:15-08:00,1,0
projects/projects.js,103,js,6aeff753,y3pat,2025-02-08,18:03:15,-08:00,2025-02-08T18:03:15-08:00,0,0
projects/projects.js,104,js,6aeff753,y3pat,2025-02-08,18:03:15,-08:00,2025-02-08T18:03:15-08:00,1,54
projects/projects.js,105,js,6aeff753,y3pat,2025-02-08,18:03:15,-08:00,2025-02-08T18:03:15-08:00,1,29
projects/projects.js,106,js,6aeff753,y3pat,2025-02-08,18:03:15,-08:00,2025-02-08T18:03:15-08:00,0,0
projects/index.html,1,html,a56ab213,y3pat,2025-01-10,17:56:39,-08:00,2025-01-10T17:56:39-08:00,0,11
projects/index.html,2,html,a56ab213,y3pat,2025-01-10,17:56:39,-08:00,2025-01-10T17:56:39-08:00,0,12
projects/index.html,3,html,a56ab213,y3pat,2025-01-10,17:56:39,-08:00,2025-01-10T17:56:39-08:00,0,2
projects/index.html,4,html,a56ab213,y3pat,2025-01-10,17:56:39,-08:00,2025-01-10T17:56:39-08:00,1,18
projects/index.html,5,html,a56ab213,y3pat,2025-01-10,17:56:39,-08:00,2025-01-10T17:56:39-08:00,1,66
projects/index.html,6,html,a56ab213,y3pat,2025-01-10,17:56:39,-08:00,2025-01-10T17:56:39-08:00,1,19
projects/index.html,7,html,395be43a,y3pat,2025-01-17,14:20:38,-08:00,2025-01-17T14:20:38-08:00,1,0
projects/index.html,8,html,a56ab213,y3pat,2025-01-10,17:56:39,-08:00,2025-01-10T17:56:39-08:00,0,3
projects/index.html,9,html,a56ab213,y3pat,2025-01-10,17:56:39,-08:00,2025-01-10T17:56:39-08:00,0,2
projects/index.html,10,html,5b9e372c,y3pat,2025-02-01,17:14:19,-08:00,2025-02-01T17:14:19-08:00,1,40
projects/index.html,11,html,a84f2e69,y3pat,2025-02-08,17:09:40,-08:00,2025-02-08T17:09:40-08:00,1,19
projects/index.html,12,html,6aeff753,y3pat,2025-02-08,18:03:15,-08:00,2025-02-08T18:03:15-08:00,2,109
projects/index.html,13,html,a84f2e69,y3pat,2025-02-08,17:09:40,-08:00,2025-02-08T17:09:40-08:00,2,56
projects/index.html,14,html,a84f2e69,y3pat,2025-02-08,17:09:40,-08:00,2025-02-08T17:09:40-08:00,2,20
projects/index.html,15,html,a84f2e69,y3pat,2025-02-08,17:09:40,-08:00,2025-02-08T17:09:40-08:00,1,2
projects/index.html,16,html,6aeff753,y3pat,2025-02-08,18:03:15,-08:00,2025-02-08T18:03:15-08:00,1,98
projects/index.html,17,html,6aeff753,y3pat,2025-02-08,18:03:15,-08:00,2025-02-08T18:03:15-08:00,0,0
projects/index.html,18,html,a84f2e69,y3pat,2025-02-08,17:09:40,-08:00,2025-02-08T17:09:40-08:00,1,65
projects/index.html,19,html,01675570,y3pat,2025-01-17,16:27:54,-08:00,2025-01-17T16:27:54-08:00,1,18
projects/index.html,20,html,982099f6,y3pat,2025-02-08,16:46:06,-08:00,2025-02-08T16:46:06-08:00,0,0
projects/index.html,21,html,5b9e372c,y3pat,2025-02-01,17:14:19,-08:00,2025-02-01T17:14:19-08:00,2,10
projects/index.html,22,html,01675570,y3pat,2025-01-17,16:27:54,-08:00,2025-01-17T16:27:54-08:00,3,27
projects/index.html,23,html,01675570,y3pat,2025-01-17,16:27:54,-08:00,2025-01-17T16:27:54-08:00,3,68
projects/index.html,24,html,01675570,y3pat,2025-01-17,16:27:54,-08:00,2025-01-17T16:27:54-08:00,3,209
projects/index.html,25,html,01675570,y3pat,2025-01-17,16:27:54,-08:00,2025-01-17T16:27:54-08:00,2,6
projects/index.html,26,html,01675570,y3pat,2025-01-17,16:27:54,-08:00,2025-01-17T16:27:54-08:00,2,5
projects/index.html,27,html,01675570,y3pat,2025-01-17,16:27:54,-08:00,2025-01-17T16:27:54-08:00,3,35
projects/index.html,28,html,01675570,y3pat,2025-01-17,16:27:54,-08:00,2025-01-17T16:27:54-08:00,3,68
projects/index.html,29,html,01675570,y3pat,2025-01-17,16:27:54,-08:00,2025-01-17T16:27:54-08:00,3,221
projects/index.html,30,html,01675570,y3pat,2025-01-17,16:27:54,-08:00,2025-01-17T16:27:54-08:00,2,6
projects/index.html,31,html,01675570,y3pat,2025-01-17,16:27:54,-08:00,2025-01-17T16:27:54-08:00,2,5
projects/index.html,32,html,01675570,y3pat,2025-01-17,16:27:54,-08:00,2025-01-17T16:27:54-08:00,3,43
projects/index.html,33,html,01675570,y3pat,2025-01-17,16:27:54,-08:00,2025-01-17T16:27:54-08:00,3,68
projects/index.html,34,html,01675570,y3pat,2025-01-17,16:27:54,-08:00,2025-01-17T16:27:54-08:00,3,235
projects/index.html,35,html,01675570,y3pat,2025-01-17,16:27:54,-08:00,2025-01-17T16:27:54-08:00,2,6
projects/index.html,36,html,01675570,y3pat,2025-01-17,16:27:54,-08:00,2025-01-17T16:27:54-08:00,2,5
projects/index.html,37,html,01675570,y3pat,2025-01-17,16:27:54,-08:00,2025-01-17T16:27:54-08:00,3,42
projects/index.html,38,html,01675570,y3pat,2025-01-17,16:27:54,-08:00,2025-01-17T16:27:54-08:00,3,68
projects/index.html,39,html,01675570,y3pat,2025-01-17,16:27:54,-08:00,2025-01-17T16:27:54-08:00,3,216
projects/index.html,40,html,01675570,y3pat,2025-01-17,16:27:54,-08:00,2025-01-17T16:27:54-08:00,2,6
projects/index.html,41,html,01675570,y3pat,2025-01-17,16:27:54,-08:00,2025-01-17T16:27:54-08:00,2,5
projects/index.html,42,html,01675570,y3pat,2025-01-17,16:27:54,-08:00,2025-01-17T16:27:54-08:00,3,34
projects/index.html,43,html,01675570,y3pat,2025-01-17,16:27:54,-08:00,2025-01-17T16:27:54-08:00,3,68
projects/index.html,44,html,01675570,y3pat,2025-01-17,16:27:54,-08:00,2025-01-17T16:27:54-08:00,3,212
projects/index.html,45,html,01675570,y3pat,2025-01-17,16:27:54,-08:00,2025-01-17T16:27:54-08:00,2,6
projects/index.html,46,html,01675570,y3pat,2025-01-17,16:27:54,-08:00,2025-01-17T16:27:54-08:00,2,5
projects/index.html,47,html,01675570,y3pat,2025-01-17,16:27:54,-08:00,2025-01-17T16:27:54-08:00,3,35
projects/index.html,48,html,01675570,y3pat,2025-01-17,16:27:54,-08:00,2025-01-17T16:27:54-08:00,3,68
projects/index.html,49,html,01675570,y3pat,2025-01-17,16:27:54,-08:00,2025-01-17T16:27:54-08:00,3,221
projects/index.html,50,html,01675570,y3pat,2025-01-17,16:27:54,-08:00,2025-01-17T16:27:54-08:00,2,6
projects/index.html,51,html,01675570,y3pat,2025-01-17,16:27:54,-08:00,2025-01-17T16:27:54-08:00,2,5
projects/index.html,52,html,01675570,y3pat,2025-01-17,16:27:54,-08:00,2025-01-17T16:27:54-08:00,3,34
projects/index.html,53,html,01675570,y3pat,2025-01-17,16:27:54,-08:00,2025-01-17T16:27:54-08:00,3,68
projects/index.html,54,html,01675570,y3pat,2025-01-17,16:27:54,-08:00,2025-01-17T16:27:54-08:00,3,233
projects/index.html,55,html,01675570,y3pat,2025-01-17,16:27:54,-08:00,2025-01-17T16:27:54-08:00,2,6
projects/index.html,56,html,01675570,y3pat,2025-01-17,16:27:54,-08:00,2025-01-17T16:27:54-08:00,2,5
projects/index.html,57,html,01675570,y3pat,2025-01-17,16:27:54,-08:00,2025-01-17T16:27:54-08:00,3,38
projects/index.html,58,html,01675570,y3pat,2025-01-17,16:27:54,-08:00,2025-01-17T16:27:54-08:00,3,68
projects/index.html,59,html,01675570,y3pat,2025-01-17,16:27:54,-08:00,2025-01-17T16:27:54-08:00,3,235
projects/index.html,60,html,01675570,y3pat,2025-01-17,16:27:54,-08:00,2025-01-17T16:27:54-08:00,2,6
projects/index.html,61,html,01675570,y3pat,2025-01-17,16:27:54,-08:00,2025-01-17T16:27:54-08:00,2,5
projects/index.html,62,html,01675570,y3pat,2025-01-17,16:27:54,-08:00,2025-01-17T16:27:54-08:00,3,36
projects/index.html,63,html,01675570,y3pat,2025-01-17,16:27:54,-08:00,2025-01-17T16:27:54-08:00,3,68
projects/index.html,64,html,01675570,y3pat,2025-01-17,16:27:54,-08:00,2025-01-17T16:27:54-08:00,3,209
projects/index.html,65,html,01675570,y3pat,2025-01-17,16:27:54,-08:00,2025-01-17T16:27:54-08:00,2,6
projects/index.html,66,html,01675570,y3pat,2025-01-17,16:27:54,-08:00,2025-01-17T16:27:54-08:00,2,5
projects/index.html,67,html,01675570,y3pat,2025-01-17,16:27:54,-08:00,2025-01-17T16:27:54-08:00,3,32
projects/index.html,68,html,01675570,y3pat,2025-01-17,16:27:54,-08:00,2025-01-17T16:27:54-08:00,3,68
projects/index.html,69,html,01675570,y3pat,2025-01-17,16:27:54,-08:00,2025-01-17T16:27:54-08:00,3,218
projects/index.html,70,html,01675570,y3pat,2025-01-17,16:27:54,-08:00,2025-01-17T16:27:54-08:00,2,6
projects/index.html,71,html,01675570,y3pat,2025-01-17,16:27:54,-08:00,2025-01-17T16:27:54-08:00,2,5
projects/index.html,72,html,01675570,y3pat,2025-01-17,16:27:54,-08:00,2025-01-17T16:27:54-08:00,3,37
projects/index.html,73,html,01675570,y3pat,2025-01-17,16:27:54,-08:00,2025-01-17T16:27:54-08:00,3,68
projects/index.html,74,html,01675570,y3pat,2025-01-17,16:27:54,-08:00,2025-01-17T16:27:54-08:00,3,217
projects/index.html,75,html,01675570,y3pat,2025-01-17,16:27:54,-08:00,2025-01-17T16:27:54-08:00,2,6
projects/index.html,76,html,01675570,y3pat,2025-01-17,16:27:54,-08:00,2025-01-17T16:27:54-08:00,2,5
projects/index.html,77,html,01675570,y3pat,2025-01-17,16:27:54,-08:00,2025-01-17T16:27:54-08:00,3,38
projects/index.html,78,html,01675570,y3pat,2025-01-17,16:27:54,-08:00,2025-01-17T16:27:54-08:00,3,68
projects/index.html,79,html,01675570,y3pat,2025-01-17,16:27:54,-08:00,2025-01-17T16:27:54-08:00,3,261
projects/index.html,80,html,5b9e372c,y3pat,2025-02-01,17:14:19,-08:00,2025-02-01T17:14:19-08:00,2,10
projects/index.html,81,html,01675570,y3pat,2025-01-17,16:27:54,-08:00,2025-01-17T16:27:54-08:00,1,2
projects/index.html,82,html,395be43a,y3pat,2025-01-17,14:20:38,-08:00,2025-01-17T14:20:38-08:00,1,39
projects/index.html,83,html,5b9e372c,y3pat,2025-02-01,17:14:19,-08:00,2025-02-01T17:14:19-08:00,1,46
projects/index.html,84,html,5b9e372c,y3pat,2025-02-01,17:14:19,-08:00,2025-02-01T17:14:19-08:00,1,45
projects/index.html,85,html,a56ab213,y3pat,2025-01-10,17:56:39,-08:00,2025-01-10T17:56:39-08:00,0,3
projects/index.html,86,html,a56ab213,y3pat,2025-01-10,17:56:39,-08:00,2025-01-10T17:56:39-08:00,0,3
contact/index.html,1,html,a56ab213,y3pat,2025-01-10,17:56:39,-08:00,2025-01-10T17:56:39-08:00,0,11
contact/index.html,2,html,a56ab213,y3pat,2025-01-10,17:56:39,-08:00,2025-01-10T17:56:39-08:00,0,12
contact/index.html,3,html,a56ab213,y3pat,2025-01-10,17:56:39,-08:00,2025-01-10T17:56:39-08:00,0,2
contact/index.html,4,html,a56ab213,y3pat,2025-01-10,17:56:39,-08:00,2025-01-10T17:56:39-08:00,1,18
contact/index.html,5,html,a56ab213,y3pat,2025-01-10,17:56:39,-08:00,2025-01-10T17:56:39-08:00,1,66
contact/index.html,6,html,a56ab213,y3pat,2025-01-10,17:56:39,-08:00,2025-01-10T17:56:39-08:00,1,18
contact/index.html,7,html,395be43a,y3pat,2025-01-17,14:20:38,-08:00,2025-01-17T14:20:38-08:00,1,0
contact/index.html,8,html,a56ab213,y3pat,2025-01-10,17:56:39,-08:00,2025-01-10T17:56:39-08:00,0,3
contact/index.html,9,html,a56ab213,y3pat,2025-01-10,17:56:39,-08:00,2025-01-10T17:56:39-08:00,0,2
contact/index.html,10,html,395be43a,y3pat,2025-01-17,14:20:38,-08:00,2025-01-17T14:20:38-08:00,1,17
contact/index.html,11,html,a56ab213,y3pat,2025-01-10,17:56:39,-08:00,2025-01-10T17:56:39-08:00,1,70
contact/index.html,12,html,a56ab213,y3pat,2025-01-10,17:56:39,-08:00,2025-01-10T17:56:39-08:00,2,19
contact/index.html,13,html,a56ab213,y3pat,2025-01-10,17:56:39,-08:00,2025-01-10T17:56:39-08:00,2,34
contact/index.html,14,html,a56ab213,y3pat,2025-01-10,17:56:39,-08:00,2025-01-10T17:56:39-08:00,2,49
contact/index.html,15,html,a56ab213,y3pat,2025-01-10,17:56:39,-08:00,2025-01-10T17:56:39-08:00,2,33
contact/index.html,16,html,a56ab213,y3pat,2025-01-10,17:56:39,-08:00,2025-01-10T17:56:39-08:00,2,40
contact/index.html,17,html,a56ab213,y3pat,2025-01-10,17:56:39,-08:00,2025-01-10T17:56:39-08:00,2,30
contact/index.html,18,html,01675570,y3pat,2025-01-17,16:27:54,-08:00,2025-01-17T16:27:54-08:00,2,57
contact/index.html,19,html,a56ab213,y3pat,2025-01-10,17:56:39,-08:00,2025-01-10T17:56:39-08:00,2,19
contact/index.html,20,html,a56ab213,y3pat,2025-01-10,17:56:39,-08:00,2025-01-10T17:56:39-08:00,1,3
contact/index.html,21,html,395be43a,y3pat,2025-01-17,14:20:38,-08:00,2025-01-17T14:20:38-08:00,1,39
contact/index.html,22,html,f9934e12,y3pat,2025-01-23,17:59:07,-08:00,2025-01-23T17:59:07-08:00,1,46
contact/index.html,23,html,a56ab213,y3pat,2025-01-10,17:56:39,-08:00,2025-01-10T17:56:39-08:00,0,3
contact/index.html,24,html,0704f596,y3pat,2025-01-10,18:15:52,-08:00,2025-01-10T18:15:52-08:00,0,3
